date,cell_id,lat_center,lon_center,t2m_max_c,rh_min_pct,wind10m_max_ms,precip_mm,precip_3d_mm,precip_7d_mm,precip_30d_mm,dry_days_30d,vpd_kpa,fwi_proxy,ndvi,ndvi_anom_30d,veg_dryness_index,soil_moisture_surface_m3m3,soil_moisture_pct_of_normal,lightning_count,dry_lightning_count,lightning_probability,lightning_count_prev_3d,dry_lightning_count_prev_3d,fire_count_prev_7d,frp_sum_prev_7d,month_sin,month_cos,doy_sin,doy_cos,pred_fire_next_1d,risk_score,risk_class
2026-04-06,32.5000_-123.5000,32.5,-123.5,14.9,81,8.1,0.0,0.0,0.0,3.0,29,0.322,6.59,0.6,-1.1102230246251565e-16,19.2675,0.2,100.0,0.0,0.0,0.0,0.0,0.0,0,0.0,0.8660254037844387,-0.4999999999999998,0.9967506498213929,-0.08054900421874167,0.0028012343792130035,0.0028012343792130035,low
2026-04-06,32.5000_-122.5000,32.5,-122.5,15.2,84,8.59,0.0,0.0,0.0,22.8,27,0.276,6.51,0.61,1.1102230246251565e-16,18.790000000000006,0.21,100.0,0.0,0.0,0.0,0.0,0.0,0,0.0,0.8660254037844387,-0.4999999999999998,0.9967506498213929,-0.08054900421874167,0.005273278901590923,0.005273278901590923,low
2026-04-06,32.5000_-121.5000,32.5,-121.5,16.2,80,9.25,0.0,0.0,0.30000000000000004,21.6,27,0.368,9.08,0.61,1.1102230246251565e-16,20.095000000000002,0.21,100.0,0.0,0.0,0.0,0.0,0.0,0,0.0,0.8660254037844387,-0.4999999999999998,0.9967506498213929,-0.08054900421874167,0.006102006943697364,0.006102006943697364,low
2026-04-06,32.5000_-120.5000,32.5,-120.5,16.5,83,10.24,0.0,0.3,0.7,55.4,27,0.319,9.6,0.61,1.1102230246251565e-16,19.816250000000004,0.21,100.0,0.0,0.0,0.0,0.0,0.0,0,0.0,0.8660254037844387,-0.4999999999999998,0.9967506498213929,-0.08054900421874167,0.010785580875807523,0.010785580875807523,low
2026-04-06,32.5000_-119.5000,32.5,-119.5,17.4,83,9.82,0.0,0.4,1.3,41.6,27,0.338,9.59,0.61,1.1102230246251565e-16,20.432500000000005,0.21,100.0,0.0,0.0,0.0,0.0,0.0,0,0.0,0.8660254037844387,-0.4999999999999998,0.9967506498213929,-0.08054900421874167,0.011002992598641965,0.011002992598641965,low
2026-04-06,32.5000_-118.5000,32.5,-118.5,17.6,83,8.1,0.0,0.1,0.7,38.199999999999996,28,0.342,7.53,0.61,1.1102230246251565e-16,20.567500000000006,0.21,100.0,0.0,0.0,0.0,0.0,0.0,0,0.0,0.8660254037844387,-0.4999999999999998,0.9967506498213929,-0.08054900421874167,0.009911627075574981,0.009911627075574981,low
2026-04-06,32.5000_-117.5000,32.5,-117.5,18.9,70,7.46,0.0,0.0,1.6,13.799999999999999,27,0.655,11.7,0.61,1.1102230246251565e-16,23.956250000000004,0.21,100.0,0.0,0.0,0.0,0.0,0.0,6,7.16,0.8660254037844387,-0.4999999999999998,0.9967506498213929,-0.08054900421874167,0.6407449131255152,0.6407449131255152,extreme
2026-04-06,32.5000_-116.5000,32.5,-116.5,23.6,22,6.44,0.0,0.0,0.5,32.2,23,2.272,32.43,0.61,1.1102230246251565e-16,40.455000000000005,0.21,100.0,0.0,0.0,0.0,0.0,0.0,15,70.72,0.8660254037844387,-0.4999999999999998,0.9967506498213929,-0.08054900421874167,0.7877347427940368,0.7877347427940368,extreme
2026-04-06,32.5000_-115.5000,32.5,-115.5,34.2,5,7.14,0.0,0.0,2.8000000000000003,13.700000000000001,26,5.11,62.81,0.61,1.1102230246251565e-16,60.875000000000014,0.21,100.0,0.0,0.0,0.0,0.0,0.0,16,46.31,0.8660254037844387,-0.4999999999999998,0.9967506498213929,-0.08054900421874167,0.7739654869000058,0.7739654869000058,extreme
2026-04-06,32.5000_-114.5000,32.5,-114.5,33.9,5,5.94,0.0,0.0,10.1,91.39999999999999,24,5.025,60.49,0.61,1.1102230246251565e-16,60.72500000000001,0.21,100.0,0.0,0.0,0.0,0.0,0.0,17,72.15,0.8660254037844387,-0.4999999999999998,0.9967506498213929,-0.08054900421874167,0.8896643106919881,0.8896643106919881,extreme
2026-04-06,32.5000_-113.5000,32.5,-113.5,33.7,6,5.92,0.0,0.0,22.299999999999997,38.0,24,4.917,59.38,0.61,1.1102230246251565e-16,60.62500000000001,0.21,100.0,0.0,0.0,0.0,0.0,0.0,0,0.0,0.8660254037844387,-0.4999999999999998,0.9967506498213929,-0.08054900421874167,0.09346677733266957,0.09346677733266957,low
2026-04-06,32.5000_-112.5000,32.5,-112.5,31.3,4,5.62,0.0,0.0,3.7,60.0,19,4.387,54.1,0.61,1.1102230246251565e-16,59.425000000000004,0.21,100.0,0.0,0.0,0.0,0.0,0.0,0,0.0,0.8660254037844387,-0.4999999999999998,0.9967506498213929,-0.08054900421874167,0.12634488368847696,0.12634488368847696,moderate
2026-04-06,32.5000_-111.5000,32.5,-111.5,32.8,11,8.64,0.0,0.0,45.8,76.89999999999999,22,4.427,57.77,0.61,1.1102230246251565e-16,60.175,0.21,100.0,0.0,0.0,0.0,0.0,0.0,0,0.0,0.8660254037844387,-0.4999999999999998,0.9967506498213929,-0.08054900421874167,0.4954129038001655,0.4954129038001655,high
2026-04-06,32.5000_-110.5000,32.5,-110.5,30.2,13,8.01,0.0,0.0,7.3,17.6,24,3.734,50.09,0.61,1.1102230246251565e-16,56.54750000000001,0.21,100.0,0.0,0.0,0.0,0.0,0.0,0,0.0,0.8660254037844387,-0.4999999999999998,0.9967506498213929,-0.08054900421874167,0.18149298565573013,0.18149298565573013,moderate
2026-04-06,32.5000_-109.5000,32.5,-109.5,26.4,16,7.66,0.0,0.0,22.5,59.7,27,2.891,40.94,0.61,1.1102230246251565e-16,47.271249999999995,0.21,100.0,0.0,0.0,0.0,0.0,0.0,0,0.0,0.8660254037844387,-0.4999999999999998,0.9967506498213929,-0.08054900421874167,0.0669861175473638,0.0669861175473638,low
2026-04-06,32.5000_-108.5000,32.5,-108.5,16.8,23,10.94,0.1,0.7999999999999999,12.8,48.4,19,1.473,28.79,0.61,1.1102230246251565e-16,30.063750000000006,0.21,100.0,0.0,0.0,0.0,0.0,0.0,0,0.0,0.8660254037844387,-0.4999999999999998,0.9967506498213929,-0.08054900421874167,0.0717790626487097,0.0717790626487097,low
2026-04-06,32.5000_-107.5000,32.5,-107.5,21.0,23,6.32,0.0,1.2,5.5,15.5,25,1.915,28.23,0.61,1.1102230246251565e-16,36.03125,0.21,100.0,0.0,0.0,0.0,0.0,0.0,0,0.0,0.8660254037844387,-0.4999999999999998,0.9967506498213929,-0.08054900421874167,0.07605822372866011,0.07605822372866011,low
2026-04-06,32.5000_-106.5000,32.5,-106.5,15.9,21,8.3,0.0,3.7,9.4,74.4,21,1.427,25.08,0.61,1.1102230246251565e-16,29.211250000000007,0.21,100.0,0.0,0.0,0.0,0.0,0.0,3,6.529999999999999,0.8660254037844387,-0.4999999999999998,0.9967506498213929,-0.08054900421874167,0.3813534585252861,0.3813534585252861,high
2026-04-06,32.5000_-105.5000,32.5,-105.5,15.7,26,7.03,0.0,8.9,16.3,38.0,22,1.32,21.8,0.61,1.1102230246251565e-16,28.175000000000004,0.21,100.0,0.0,0.0,0.0,0.0,0.0,0,0.0,0.8660254037844387,-0.4999999999999998,0.9967506498213929,-0.08054900421874167,0.024276920699830007,0.024276920699830007,low
2026-04-06,32.5000_-104.5000,32.5,-104.5,20.5,17,6.59,0.0,0.7,10.799999999999999,57.0,24,2.002,29.97,0.61,1.1102230246251565e-16,36.5425,0.21,100.0,0.0,0.0,0.0,0.0,0.0,12,8.12,0.8660254037844387,-0.4999999999999998,0.9967506498213929,-0.08054900421874167,0.6537564483403221,0.6537564483403221,extreme
2026-04-06,33.5000_-123.5000,33.5,-123.5,14.8,86,8.41,0.0,0.1,0.1,2.2,30,0.236,5.5,0.5,0.0,20.715,0.25,100.0,0.0,0.0,0.0,0.0,0.0,0,0.0,0.8660254037844387,-0.4999999999999998,0.9967506498213929,-0.08054900421874167,0.008592312429266294,0.008592312429266294,low
2026-04-06,33.5000_-122.5000,33.5,-122.5,15.0,87,9.04,0.0,0.4,0.5,7.7,28,0.222,6.12,0.55,-1.1102230246251565e-16,19.5675,0.18,100.0,0.0,0.0,0.0,0.0,0.0,0,0.0,0.8660254037844387,-0.4999999999999998,0.9967506498213929,-0.08054900421874167,0.003049234498005504,0.003049234498005504,low
2026-04-06,33.5000_-121.5000,33.5,-121.5,15.6,82,10.14,0.0,0.1,1.1,8.200000000000001,29,0.319,9.27,0.55,-1.1102230246251565e-16,20.71625,0.18,100.0,0.0,0.0,0.0,0.0,0.0,0,0.0,0.8660254037844387,-0.4999999999999998,0.9967506498213929,-0.08054900421874167,0.0035702686279433346,0.0035702686279433346,low
2026-04-06,33.5000_-120.5000,33.5,-120.5,15.9,75,11.29,0.0,0.4,1.1,17.6,27,0.452,12.95,0.55,-1.1102230246251565e-16,22.03,0.18,100.0,0.0,0.0,0.0,0.0,0.0,0,0.0,0.8660254037844387,-0.4999999999999998,0.9967506498213929,-0.08054900421874167,0.010717463957250732,0.010717463957250732,low
2026-04-06,33.5000_-119.5000,33.5,-119.5,16.6,80,9.51,0.0,0.0,0.1,14.3,27,0.378,9.65,0.55,-1.1102230246251565e-16,21.7325,0.18,100.0,0.0,0.0,0.0,0.0,0.0,0,0.0,0.8660254037844387,-0.4999999999999998,0.9967506498213929,-0.08054900421874167,0.006338057574420223,0.006338057574420223,low
2026-04-06,33.5000_-118.5000,33.5,-118.5,18.5,52,6.91,0.0,1.0,2.6999999999999997,40.3,27,1.022,16.48,0.55,-1.1102230246251565e-16,28.317500000000003,0.18,100.0,0.0,0.0,0.0,0.0,0.0,8,8.129999999999999,0.8660254037844387,-0.4999999999999998,0.9967506498213929,-0.08054900421874167,0.8143076746456097,0.8143076746456097,extreme
2026-04-06,33.5000_-117.5000,33.5,-117.5,25.3,14,4.61,0.1,0.1,0.30000000000000004,17.9,29,2.773,35.96,0.55,-1.1102230246251565e-16,47.03875000000001,0.18,100.0,0.0,0.0,0.0,0.0,0.0,2,0.58,0.8660254037844387,-0.4999999999999998,0.9967506498213929,-0.08054900421874167,0.8419756949687722,0.8419756949687722,extreme
2026-04-06,33.5000_-116.5000,33.5,-116.5,21.6,9,8.26,0.0,2.1,10.9,60.3,23,2.348,36.48,0.55,-1.1102230246251565e-16,41.47,0.18,100.0,0.0,0.0,0.0,0.0,0.0,2,29.06,0.8660254037844387,-0.4999999999999998,0.9967506498213929,-0.08054900421874167,0.7163351625965978,0.7163351625965978,extreme
2026-04-06,33.5000_-115.5000,33.5,-115.5,28.8,6,4.25,0.0,0.0,4.8,37.6,24,3.722,45.75,0.55,-1.1102230246251565e-16,57.0925,0.18,100.0,0.0,0.0,0.0,0.0,0.0,9,44.56,0.8660254037844387,-0.4999999999999998,0.9967506498213929,-0.08054900421874167,0.6941723583029267,0.6941723583029267,extreme
2026-04-06,33.5000_-114.5000,33.5,-114.5,32.7,6,3.77,0.0,0.0,6.1,24.9,26,4.649,54.12,0.55,-1.1102230246251565e-16,61.475,0.18,100.0,0.0,0.0,0.0,0.0,0.0,0,0.0,0.8660254037844387,-0.4999999999999998,0.9967506498213929,-0.08054900421874167,0.16154695526488236,0.16154695526488236,moderate
2026-04-06,33.5000_-113.5000,33.5,-113.5,31.4,8,5.41,0.0,0.0,31.4,67.10000000000001,23,4.228,52.0,0.55,-1.1102230246251565e-16,60.824999999999996,0.18,100.0,0.0,0.0,0.0,0.0,0.0,0,0.0,0.8660254037844387,-0.4999999999999998,0.9967506498213929,-0.08054900421874167,0.48164475594634404,0.48164475594634404,high
2026-04-06,33.5000_-112.5000,33.5,-112.5,33.1,10,5.46,0.0,0.1,40.2,95.5,21,4.553,55.04,0.55,-1.1102230246251565e-16,61.675000000000004,0.18,100.0,0.0,0.0,0.0,0.0,0.0,5,17.7,0.8660254037844387,-0.4999999999999998,0.9967506498213929,-0.08054900421874167,0.6003744625157209,0.6003744625157209,extreme
2026-04-06,33.5000_-111.5000,33.5,-111.5,32.0,10,10.47,0.0,0.5,60.3,82.8,24,4.279,58.72,0.55,-1.1102230246251565e-16,61.12500000000001,0.18,100.0,0.0,0.0,0.0,0.0,0.0,5,4.25,0.8660254037844387,-0.4999999999999998,0.9967506498213929,-0.08054900421874167,0.7804064727178317,0.7804064727178317,extreme
2026-04-06,33.5000_-110.5000,33.5,-110.5,26.7,16,4.98,0.6,0.6,14.1,20.1,24,2.943,37.8,0.55,-1.1102230246251565e-16,49.22625,0.18,100.0,0.0,0.0,0.0,0.0,0.0,8,58.76,0.8660254037844387,-0.4999999999999998,0.9967506498213929,-0.08054900421874167,0.495026138535349,0.495026138535349,high
2026-04-06,33.5000_-109.5000,33.5,-109.5,20.5,19,8.41,1.4,1.4,8.7,52.1,18,1.953,30.87,0.55,-1.1102230246251565e-16,37.46375,0.18,100.0,0.0,0.0,0.0,0.0,0.0,4,4.7,0.8660254037844387,-0.4999999999999998,0.9967506498213929,-0.08054900421874167,0.7455541699176149,0.7455541699176149,extreme
2026-04-06,33.5000_-108.5000,33.5,-108.5,15.4,19,6.82,0.0,0.7,5.0,43.0,22,1.417,23.24,0.55,-1.1102230246251565e-16,30.22375,0.18,100.0,0.0,0.0,0.0,0.0,0.0,0,0.0,0.8660254037844387,-0.4999999999999998,0.9967506498213929,-0.08054900421874167,0.0344401270529595,0.0344401270529595,low
2026-04-06,33.5000_-107.5000,33.5,-107.5,17.6,17,6.14,0.0,2.4,12.399999999999999,58.1,18,1.67,25.59,0.55,-1.1102230246251565e-16,33.537499999999994,0.18,100.0,0.0,0.0,0.0,0.0,0.0,0,0.0,0.8660254037844387,-0.4999999999999998,0.9967506498213929,-0.08054900421874167,0.020560148317693056,0.020560148317693056,low
2026-04-06,33.5000_-106.5000,33.5,-106.5,19.0,17,11.32,0.0,3.1999999999999997,7.6,51.1,23,1.824,33.91,0.55,-1.1102230246251565e-16,35.585,0.18,100.0,0.0,0.0,0.0,0.0,0.0,0,0.0,0.8660254037844387,-0.4999999999999998,0.9967506498213929,-0.08054900421874167,0.05053381784604727,0.05053381784604727,low
2026-04-06,33.5000_-105.5000,33.5,-105.5,17.8,23,6.87,0.0,3.2,7.6,37.8,19,1.569,24.88,0.55,-1.1102230246251565e-16,32.75375,0.18,100.0,0.0,0.0,0.0,0.0,0.0,0,0.0,0.8660254037844387,-0.4999999999999998,0.9967506498213929,-0.08054900421874167,0.029186124487263557,0.029186124487263557,low
2026-04-06,33.5000_-104.5000,33.5,-104.5,21.7,16,6.9,0.0,3.0,13.0,25.5,26,2.181,32.42,0.55,-1.1102230246251565e-16,40.058749999999996,0.18,100.0,0.0,0.0,0.0,0.0,0.0,0,0.0,0.8660254037844387,-0.4999999999999998,0.9967506498213929,-0.08054900421874167,0.0930324525740209,0.0930324525740209,low
2026-04-06,34.5000_-123.5000,34.5,-123.5,14.4,88,7.89,0.0,0.0,0.1,1.3,30,0.197,4.08,0.5,0.0,20.173750000000002,0.25,100.0,0.0,0.0,0.0,0.0,0.0,0,0.0,0.8660254037844387,-0.4999999999999998,0.9967506498213929,-0.08054900421874167,0.0036452574369137836,0.0036452574369137836,low
2026-04-06,34.5000_-122.5000,34.5,-122.5,14.7,86,8.68,0.0,0.0,0.3,1.3,30,0.234,5.79,0.5,0.0,20.6475,0.25,100.0,0.0,0.0,0.0,0.0,0.0,0,0.0,0.8660254037844387,-0.4999999999999998,0.9967506498213929,-0.08054900421874167,0.01519826367843852,0.01519826367843852,low
2026-04-06,34.5000_-121.5000,34.5,-121.5,15.1,84,9.42,0.0,0.1,0.4,8.0,27,0.275,7.51,0.5,0.0,21.20625,0.25,100.0,0.0,0.0,0.0,0.0,0.0,0,0.0,0.8660254037844387,-0.4999999999999998,0.9967506498213929,-0.08054900421874167,0.006079050895117988,0.006079050895117988,low
2026-04-06,34.5000_-120.5000,34.5,-120.5,22.5,14,9.87,0.0,0.3,1.1,59.7,27,2.344,38.09,0.5,0.0,43.01,0.25,100.0,0.0,0.0,0.0,0.0,0.0,0,0.0,0.8660254037844387,-0.4999999999999998,0.9967506498213929,-0.08054900421874167,0.2883847132301696,0.2883847132301696,high
2026-04-06,34.5000_-119.5000,34.5,-119.5,24.7,16,6.1,0.0,0.1,4.6000000000000005,42.300000000000004,26,2.614,36.08,0.5,0.0,46.4725,0.25,100.0,0.0,0.0,0.0,0.0,0.0,0,0.0,0.8660254037844387,-0.4999999999999998,0.9967506498213929,-0.08054900421874167,0.3806271053213008,0.3806271053213008,high
2026-04-06,34.5000_-118.5000,34.5,-118.5,26.0,15,5.99,0.0,1.3,1.8,34.0,26,2.857,38.55,0.5,0.0,49.24875,0.25,100.0,0.0,0.0,0.0,0.0,0.0,24,20.12,0.8660254037844387,-0.4999999999999998,0.9967506498213929,-0.08054900421874167,0.8959832947351484,0.8959832947351484,extreme
2026-04-06,34.5000_-117.5000,34.5,-117.5,25.7,8,6.31,0.0,0.0,0.0,5.4,28,3.038,41.33,0.5,0.0,50.6825,0.25,100.0,0.0,0.0,0.0,0.0,0.0,26,61.45,0.8660254037844387,-0.4999999999999998,0.9967506498213929,-0.08054900421874167,0.921442293365605,0.921442293365605,extreme
2026-04-06,34.5000_-116.5000,34.5,-116.5,27.9,4,6.52,0.0,0.0,0.5,15.700000000000001,28,3.608,47.64,0.5,0.0,56.769999999999996,0.25,100.0,0.0,0.0,0.0,0.0,0.0,2,1.35,0.8660254037844387,-0.4999999999999998,0.9967506498213929,-0.08054900421874167,0.2616610712947078,0.2616610712947078,high
2026-04-06,34.5000_-115.5000,34.5,-115.5,33.4,4,4.69,0.0,0.0,7.1,11.6,28,4.938,58.17,0.5,0.0,62.949999999999996,0.25,100.0,0.0,0.0,0.0,0.0,0.0,0,0.0,0.8660254037844387,-0.4999999999999998,0.9967506498213929,-0.08054900421874167,0.05820855480511094,0.05820855480511094,low
2026-04-06,34.5000_-114.5000,34.5,-114.5,32.4,7,4.47,0.0,0.0,1.0,5.5,27,4.523,53.73,0.5,0.0,62.449999999999996,0.25,100.0,0.0,0.0,0.0,0.0,0.0,0,0.0,0.8660254037844387,-0.4999999999999998,0.9967506498213929,-0.08054900421874167,0.1135852984624432,0.1135852984624432,moderate
2026-04-06,34.5000_-113.5000,34.5,-113.5,25.9,11,6.92,0.0,0.0,5.0,16.6,24,2.974,41.22,0.5,0.0,50.22249999999999,0.25,100.0,0.0,0.0,0.0,0.0,0.0,0,0.0,0.8660254037844387,-0.4999999999999998,0.9967506498213929,-0.08054900421874167,0.12571397031643738,0.12571397031643738,moderate
2026-04-06,34.5000_-112.5000,34.5,-112.5,20.4,18,7.12,0.0,0.0,18.5,79.5,17,1.965,30.15,0.5,0.0,38.64375,0.25,100.0,0.0,0.0,0.0,0.0,0.0,1,1.65,0.8660254037844387,-0.4999999999999998,0.9967506498213929,-0.08054900421874167,0.35307321702397265,0.35307321702397265,high
2026-04-06,34.5000_-111.5000,34.5,-111.5,20.2,18,9.76,0.0,0.0,25.2,52.1,18,1.941,33.21,0.5,0.0,38.33375,0.25,100.0,0.0,0.0,0.0,0.0,0.0,0,0.0,0.8660254037844387,-0.4999999999999998,0.9967506498213929,-0.08054900421874167,0.4567842242371591,0.4567842242371591,high
2026-04-06,34.5000_-110.5000,34.5,-110.5,20.8,14,11.2,0.0,0.0,7.1,16.6,27,2.113,37.24,0.5,0.0,40.13875,0.25,100.0,0.0,0.0,0.0,0.0,0.0,0,0.0,0.8660254037844387,-0.4999999999999998,0.9967506498213929,-0.08054900421874167,0.18097433493888612,0.18097433493888612,moderate
2026-04-06,34.5000_-109.5000,34.5,-109.5,22.1,11,6.08,2.3,2.3,4.199999999999999,21.2,24,2.367,32.64,0.5,0.0,43.01125,0.25,100.0,0.0,0.0,0.0,0.0,0.0,1,0.6,0.8660254037844387,-0.4999999999999998,0.9967506498213929,-0.08054900421874167,0.1379606850791859,0.1379606850791859,moderate
2026-04-06,34.5000_-108.5000,34.5,-108.5,19.4,15,8.92,0.0,0.0,4.2,29.400000000000002,24,1.915,32.07,0.5,0.0,37.70625,0.25,100.0,0.0,0.0,0.0,0.0,0.0,0,0.0,0.8660254037844387,-0.4999999999999998,0.9967506498213929,-0.08054900421874167,0.08354946855607566,0.08354946855607566,low
2026-04-06,34.5000_-107.5000,34.5,-107.5,19.9,13,6.21,0.0,3.1,17.8,41.7,22,2.022,30.01,0.5,0.0,38.8925,0.25,100.0,0.0,0.0,0.0,0.0,0.0,0,0.0,0.8660254037844387,-0.4999999999999998,0.9967506498213929,-0.08054900421874167,0.09019943817039153,0.09019943817039153,low
2026-04-06,34.5000_-106.5000,34.5,-106.5,19.4,14,9.5,0.0,0.7999999999999999,9.1,47.9,25,1.937,33.13,0.5,0.0,37.89875000000001,0.25,100.0,0.0,0.0,0.0,0.0,0.0,1,1.09,0.8660254037844387,-0.4999999999999998,0.9967506498213929,-0.08054900421874167,0.282074501363454,0.282074501363454,high
2026-04-06,34.5000_-105.5000,34.5,-105.5,19.2,15,7.34,0.0,10.3,17.9,56.800000000000004,19,1.891,29.81,0.5,0.0,37.396249999999995,0.25,100.0,0.0,0.0,0.0,0.0,0.0,0,0.0,0.8660254037844387,-0.4999999999999998,0.9967506498213929,-0.08054900421874167,0.12938350181800629,0.12938350181800629,moderate
2026-04-06,34.5000_-104.5000,34.5,-104.5,20.1,16,8.16,0.0,3.4,10.5,42.300000000000004,25,1.976,31.73,0.5,0.0,38.59,0.25,100.0,0.0,0.0,0.0,0.0,0.0,0,0.0,0.8660254037844387,-0.4999999999999998,0.9967506498213929,-0.08054900421874167,0.06260406167152499,0.06260406167152499,low
2026-04-06,35.5000_-123.5000,35.5,-123.5,13.9,88,7.39,0.0,0.2,0.2,6.5,29,0.191,3.2,0.5,0.0,19.87125,0.25,100.0,0.0,0.0,0.0,0.0,0.0,0,0.0,0.8660254037844387,-0.4999999999999998,0.9967506498213929,-0.08054900421874167,0.01564951360182027,0.01564951360182027,low
2026-04-06,35.5000_-122.5000,35.5,-122.5,13.9,85,8.24,0.0,0.2,0.8,20.0,28,0.238,5.1,0.5,0.0,20.2825,0.25,100.0,0.0,0.0,0.0,0.0,0.0,0,0.0,0.8660254037844387,-0.4999999999999998,0.9967506498213929,-0.08054900421874167,0.012398621391765468,0.012398621391765468,low
2026-04-06,35.5000_-121.5000,35.5,-121.5,14.5,80,9.9,0.0,0.6,0.8,8.5,29,0.33,8.91,0.5,0.0,21.3875,0.25,100.0,0.0,0.0,0.0,0.0,0.0,0,0.0,0.8660254037844387,-0.4999999999999998,0.9967506498213929,-0.08054900421874167,0.028164042642449406,0.028164042642449406,low
2026-04-06,35.5000_-120.5000,35.5,-120.5,25.3,20,5.32,0.0,0.0,0.30000000000000004,11.0,29,2.58,34.46,0.5,0.0,46.475,0.25,100.0,0.0,0.0,0.0,0.0,0.0,1,0.37,0.8660254037844387,-0.4999999999999998,0.9967506498213929,-0.08054900421874167,0.30470385807414774,0.30470385807414774,high
2026-04-06,35.5000_-119.5000,35.5,-119.5,31.3,12,3.6,0.0,0.0,0.0,9.299999999999999,29,4.022,47.43,0.5,0.0,61.9,0.25,100.0,0.0,0.0,0.0,0.0,0.0,6,16.53,0.8660254037844387,-0.4999999999999998,0.9967506498213929,-0.08054900421874167,0.7523707303376177,0.7523707303376177,extreme
2026-04-06,35.5000_-118.5000,35.5,-118.5,23.9,9,6.44,0.0,0.1,4.1,51.7,27,2.699,37.92,0.5,0.0,46.81625,0.25,100.0,0.0,0.0,0.0,0.0,0.0,2,8.49,0.8660254037844387,-0.4999999999999998,0.9967506498213929,-0.08054900421874167,0.5339621068338105,0.5339621068338105,extreme
2026-04-06,35.5000_-117.5000,35.5,-117.5,29.4,5,5.15,0.0,0.0,0.0,29.0,28,3.894,48.65,0.5,0.0,60.0225,0.25,100.0,0.0,0.0,0.0,0.0,0.0,0,0.0,0.8660254037844387,-0.4999999999999998,0.9967506498213929,-0.08054900421874167,0.044291080131589035,0.044291080131589035,low
2026-04-06,35.5000_-116.5000,35.5,-116.5,26.1,7,4.3,0.0,0.0,5.1000000000000005,26.5,26,3.145,39.97,0.5,0.0,51.81875,0.25,100.0,0.0,0.0,0.0,0.0,0.0,0,0.0,0.8660254037844387,-0.4999999999999998,0.9967506498213929,-0.08054900421874167,0.0986625855194911,0.0986625855194911,low
2026-04-06,35.5000_-115.5000,35.5,-115.5,25.8,7,5.38,0.0,0.1,2.4,7.6,26,3.089,40.76,0.5,0.0,51.178749999999994,0.25,100.0,0.0,0.0,0.0,0.0,0.0,9,30.6,0.8660254037844387,-0.4999999999999998,0.9967506498213929,-0.08054900421874167,0.6253557509913802,0.6253557509913802,extreme
2026-04-06,35.5000_-114.5000,35.5,-114.5,25.7,9,5.06,0.0,0.0,3.6,9.2,26,3.005,39.35,0.5,0.0,50.39374999999999,0.25,100.0,0.0,0.0,0.0,0.0,0.0,0,0.0,0.8660254037844387,-0.4999999999999998,0.9967506498213929,-0.08054900421874167,0.15279648794541398,0.15279648794541398,moderate
2026-04-06,35.5000_-113.5000,35.5,-113.5,24.6,11,8.27,0.0,0.0,12.5,25.8,24,2.753,40.63,0.5,0.0,47.63875,0.25,100.0,0.0,0.0,0.0,0.0,0.0,11,13.09,0.8660254037844387,-0.4999999999999998,0.9967506498213929,-0.08054900421874167,0.8271538308253845,0.8271538308253845,extreme
2026-04-06,35.5000_-112.5000,35.5,-112.5,22.3,13,10.79,0.0,0.3,7.4,19.0,23,2.343,39.31,0.5,0.0,42.90125,0.25,100.0,0.0,0.0,0.0,0.0,0.0,0,0.0,0.8660254037844387,-0.4999999999999998,0.9967506498213929,-0.08054900421874167,0.17266628323102895,0.17266628323102895,moderate
2026-04-06,35.5000_-111.5000,35.5,-111.5,21.3,9,8.21,1.5,1.5,24.5,34.4,22,2.305,35.2,0.5,0.0,42.06875,0.25,100.0,0.0,0.0,0.0,0.0,0.0,0,0.0,0.8660254037844387,-0.4999999999999998,0.9967506498213929,-0.08054900421874167,0.15096773898035473,0.15096773898035473,moderate
2026-04-06,35.5000_-110.5000,35.5,-110.5,22.7,10,8.23,0.0,0.0,4.4,8.1,27,2.483,37.81,0.5,0.0,44.32625,0.25,100.0,0.0,0.0,0.0,0.0,0.0,0,0.0,0.8660254037844387,-0.4999999999999998,0.9967506498213929,-0.08054900421874167,0.13020329349874746,0.13020329349874746,moderate
2026-04-06,35.5000_-109.5000,35.5,-109.5,20.5,9,6.1,0.0,0.1,3.4,35.9,24,2.195,32.1,0.5,0.0,40.70625,0.25,100.0,0.0,0.0,0.0,0.0,0.0,0,0.0,0.8660254037844387,-0.4999999999999998,0.9967506498213929,-0.08054900421874167,0.09778605574036824,0.09778605574036824,low
2026-04-06,35.5000_-108.5000,35.5,-108.5,19.0,6,5.26,0.0,1.0,7.7,27.599999999999998,19,2.066,29.86,0.5,0.0,38.82749999999999,0.25,100.0,0.0,0.0,0.0,0.0,0.0,0,0.0,0.8660254037844387,-0.4999999999999998,0.9967506498213929,-0.08054900421874167,0.06970909503093183,0.06970909503093183,low
2026-04-06,35.5000_-107.5000,35.5,-107.5,19.1,7,11.66,0.0,0.0,1.7,11.6,27,2.056,37.73,0.5,0.0,38.79,0.25,100.0,0.0,0.0,0.0,0.0,0.0,0,0.0,0.8660254037844387,-0.4999999999999998,0.9967506498213929,-0.08054900421874167,0.06599719168847792,0.06599719168847792,low
2026-04-06,35.5000_-106.5000,35.5,-106.5,19.4,11,5.95,0.0,0.5,2.5,20.3,26,2.005,29.65,0.5,0.0,38.49374999999999,0.25,100.0,0.0,0.0,0.0,0.0,0.0,0,0.0,0.8660254037844387,-0.4999999999999998,0.9967506498213929,-0.08054900421874167,0.09306406876759589,0.09306406876759589,low
2026-04-06,35.5000_-105.5000,35.5,-105.5,16.7,13,5.41,0.0,0.7,5.0,59.1,20,1.654,24.78,0.5,0.0,34.0725,0.25,100.0,0.0,0.0,0.0,0.0,0.0,0,0.0,0.8660254037844387,-0.4999999999999998,0.9967506498213929,-0.08054900421874167,0.09289529960042289,0.09289529960042289,low
2026-04-06,35.5000_-104.5000,35.5,-104.5,21.0,14,8.6,0.0,13.8,15.200000000000001,25.2,25,2.139,34.25,0.5,0.0,40.46625,0.25,100.0,0.0,0.0,0.0,0.0,0.0,0,0.0,0.8660254037844387,-0.4999999999999998,0.9967506498213929,-0.08054900421874167,0.04199325425553159,0.04199325425553159,low
2026-04-06,36.5000_-123.5000,36.5,-123.5,13.4,88,7.35,0.0,0.5,0.5,5.1000000000000005,29,0.184,2.89,0.5,0.0,19.56,0.25,100.0,0.0,0.0,0.0,0.0,0.0,0,0.0,0.8660254037844387,-0.4999999999999998,0.9967506498213929,-0.08054900421874167,0.019294409537796587,0.019294409537796587,low
2026-04-06,36.5000_-122.5000,36.5,-122.5,14.5,84,8.68,0.0,0.2,0.5,10.2,29,0.264,6.25,0.5,0.0,20.810000000000002,0.25,100.0,0.0,0.0,0.0,0.0,0.0,0,0.0,0.8660254037844387,-0.4999999999999998,0.9967506498213929,-0.08054900421874167,0.014223237370555718,0.014223237370555718,low
2026-04-06,36.5000_-121.5000,36.5,-121.5,26.5,27,8.49,0.0,0.5,1.6,7.1,26,2.527,37.46,0.5,0.0,46.61125,0.25,100.0,0.0,0.0,0.0,0.0,0.0,0,0.0,0.8660254037844387,-0.4999999999999998,0.9967506498213929,-0.08054900421874167,0.17179100810077608,0.17179100810077608,moderate
2026-04-06,36.5000_-120.5000,36.5,-120.5,29.2,9,5.53,0.0,0.0,0.0,4.1000000000000005,29,3.688,46.8,0.5,0.0,58.11999999999999,0.25,100.0,0.0,0.0,0.0,0.0,0.0,3,32.89,0.8660254037844387,-0.4999999999999998,0.9967506498213929,-0.08054900421874167,0.4301413753904354,0.4301413753904354,high
2026-04-06,36.5000_-119.5000,36.5,-119.5,30.4,10,3.03,0.0,0.2,0.2,6.2,29,3.907,45.73,0.5,0.0,60.63624999999999,0.25,100.0,0.0,0.0,0.0,0.0,0.0,3,9.47,0.8660254037844387,-0.4999999999999998,0.9967506498213929,-0.08054900421874167,0.5091760915012731,0.5091760915012731,extreme
2026-04-06,36.5000_-118.5000,36.5,-118.5,7.6,22,4.88,0.0,11.6,34.5,88.8,17,0.814,12.4,0.5,0.0,22.1725,0.25,100.0,0.0,0.0,0.0,0.0,0.0,0,0.0,0.8660254037844387,-0.4999999999999998,0.9967506498213929,-0.08054900421874167,0.12783039067776694,0.12783039067776694,moderate
2026-04-06,36.5000_-117.5000,36.5,-117.5,24.2,7,3.38,0.0,0.0,3.5,42.1,26,2.809,35.36,0.5,0.0,47.92875,0.25,100.0,0.0,0.0,0.0,0.0,0.0,0,0.0,0.8660254037844387,-0.4999999999999998,0.9967506498213929,-0.08054900421874167,0.1589272403726829,0.1589272403726829,moderate
2026-04-06,36.5000_-116.5000,36.5,-116.5,29.6,6,3.42,0.0,0.0,0.0,10.3,28,3.898,46.43,0.5,0.0,60.1575,0.25,100.0,0.0,0.0,0.0,0.0,0.0,0,0.0,0.8660254037844387,-0.4999999999999998,0.9967506498213929,-0.08054900421874167,0.06155207723316219,0.06155207723316219,low
2026-04-06,36.5000_-115.5000,36.5,-115.5,27.8,7,6.26,0.0,0.0,0.0,1.3,30,3.475,45.76,0.5,0.0,55.55625,0.25,100.0,0.0,0.0,0.0,0.0,0.0,0,0.0,0.8660254037844387,-0.4999999999999998,0.9967506498213929,-0.08054900421874167,0.06494137214560461,0.06494137214560461,low
2026-04-06,36.5000_-114.5000,36.5,-114.5,31.4,7,4.39,0.0,0.0,0.4,8.9,29,4.274,51.23,0.5,0.0,61.949999999999996,0.25,100.0,0.0,0.0,0.0,0.0,0.0,17,26.43,0.8660254037844387,-0.4999999999999998,0.9967506498213929,-0.08054900421874167,0.7572145824743364,0.7572145824743364,extreme
2026-04-06,36.5000_-113.5000,36.5,-113.5,22.3,9,7.84,0.1,2.3000000000000003,7.4,21.1,23,2.45,37.0,0.5,0.0,43.8375,0.25,100.0,0.0,0.0,0.0,0.0,0.0,0,0.0,0.8660254037844387,-0.4999999999999998,0.9967506498213929,-0.08054900421874167,0.12187155463376917,0.12187155463376917,moderate
2026-04-06,36.5000_-112.5000,36.5,-112.5,19.6,8,7.61,0.2,0.30000000000000004,11.299999999999999,17.7,25,2.099,32.92,0.5,0.0,39.416250000000005,0.25,100.0,0.0,0.0,0.0,0.0,0.0,0,0.0,0.8660254037844387,-0.4999999999999998,0.9967506498213929,-0.08054900421874167,0.09591073170873951,0.09591073170873951,low
2026-04-06,36.5000_-111.5000,36.5,-111.5,18.4,9,4.9,0.0,0.0,5.1,8.0,27,1.926,27.59,0.5,0.0,37.302499999999995,0.25,100.0,0.0,0.0,0.0,0.0,0.0,0,0.0,0.8660254037844387,-0.4999999999999998,0.9967506498213929,-0.08054900421874167,0.11308612068891477,0.11308612068891477,moderate
2026-04-06,36.5000_-110.5000,36.5,-110.5,18.3,9,8.02,0.0,0.0,5.6,9.1,26,1.914,31.39,0.5,0.0,37.1475,0.25,100.0,0.0,0.0,0.0,0.0,0.0,0,0.0,0.8660254037844387,-0.4999999999999998,0.9967506498213929,-0.08054900421874167,0.13784080031087945,0.13784080031087945,moderate
2026-04-06,36.5000_-109.5000,36.5,-109.5,22.6,9,6.71,0.0,0.0,0.2,8.1,26,2.495,36.1,0.5,0.0,44.38125000000001,0.25,100.0,0.0,0.0,0.0,0.0,0.0,0,0.0,0.8660254037844387,-0.4999999999999998,0.9967506498213929,-0.08054900421874167,0.1230376265840761,0.1230376265840761,moderate
2026-04-06,36.5000_-108.5000,36.5,-108.5,22.9,7,6.55,0.0,0.0,2.0,16.4,26,2.597,37.14,0.5,0.0,45.42375,0.25,100.0,0.0,0.0,0.0,0.0,0.0,0,0.0,0.8660254037844387,-0.4999999999999998,0.9967506498213929,-0.08054900421874167,0.10186573088336401,0.10186573088336401,moderate
2026-04-06,36.5000_-107.5000,36.5,-107.5,19.8,9,4.79,0.0,0.1,7.8,33.7,24,2.102,29.42,0.5,0.0,39.542500000000004,0.25,100.0,0.0,0.0,0.0,0.0,0.0,0,0.0,0.8660254037844387,-0.4999999999999998,0.9967506498213929,-0.08054900421874167,0.06404152176801191,0.06404152176801191,low
2026-04-06,36.5000_-106.5000,36.5,-106.5,17.5,14,5.55,0.0,0.4,2.6999999999999997,29.9,23,1.72,25.65,0.5,0.0,35.050000000000004,0.25,100.0,0.0,0.0,0.0,0.0,0.0,0,0.0,0.8660254037844387,-0.4999999999999998,0.9967506498213929,-0.08054900421874167,0.0900782665246995,0.0900782665246995,low
2026-04-06,36.5000_-105.5000,36.5,-105.5,7.8,18,4.6,0.0,2.1,8.6,77.3,12,0.868,13.16,0.5,0.0,22.745,0.25,100.0,0.0,0.0,0.0,0.0,0.0,0,0.0,0.8660254037844387,-0.4999999999999998,0.9967506498213929,-0.08054900421874167,0.06330723343910209,0.06330723343910209,low
2026-04-06,36.5000_-104.5000,36.5,-104.5,20.4,12,9.87,0.0,0.7,1.4,11.0,28,2.109,35.67,0.5,0.0,39.90375,0.25,100.0,0.0,0.0,0.0,0.0,0.0,0,0.0,0.8660254037844387,-0.4999999999999998,0.9967506498213929,-0.08054900421874167,0.08715329187699845,0.08715329187699845,low
2026-04-06,37.5000_-123.5000,37.5,-123.5,12.9,86,7.29,0.0,1.4,1.4,6.7,27,0.208,3.11,0.5,0.0,19.52,0.25,100.0,0.0,0.0,0.0,0.0,0.0,0,0.0,0.8660254037844387,-0.4999999999999998,0.9967506498213929,-0.08054900421874167,0.023940668698439426,0.023940668698439426,low
2026-04-06,37.5000_-122.5000,37.5,-122.5,17.9,78,4.56,0.0,1.8,1.8,13.8,25,0.451,4.81,0.5,0.0,24.14625,0.25,100.0,0.0,0.0,0.0,0.0,0.0,1,0.92,0.8660254037844387,-0.4999999999999998,0.9967506498213929,-0.08054900421874167,0.32396567626368555,0.32396567626368555,high
2026-04-06,37.5000_-121.5000,37.5,-121.5,23.9,16,4.2,0.0,0.0,8.3,17.0,25,2.491,32.38,0.5,0.0,44.996249999999996,0.25,100.0,0.0,0.0,0.0,0.0,0.0,10,6.13,0.8660254037844387,-0.4999999999999998,0.9967506498213929,-0.08054900421874167,0.7876726625568854,0.7876726625568854,extreme
2026-04-06,37.5000_-120.5000,37.5,-120.5,28.9,20,4.3,0.0,0.0,0.7,0.7,30,3.186,39.47,0.5,0.0,53.5775,0.25,100.0,0.0,0.0,0.0,0.0,0.0,11,19.240000000000002,0.8660254037844387,-0.4999999999999998,0.9967506498213929,-0.08054900421874167,0.8398333455202246,0.8398333455202246,extreme
2026-04-06,37.5000_-119.5000,37.5,-119.5,11.4,18,4.82,0.0,17.3,34.7,74.0,18,1.105,16.77,0.5,0.0,26.618750000000002,0.25,100.0,0.0,0.0,0.0,0.0,0.0,4,3.08,0.8660254037844387,-0.4999999999999998,0.9967506498213929,-0.08054900421874167,0.5676900414787164,0.5676900414787164,extreme
2026-04-06,37.5000_-118.5000,37.5,-118.5,23.9,8,5.5,0.0,0.0,0.2,8.4,28,2.729,37.12,0.5,0.0,47.07875,0.25,100.0,0.0,0.0,0.0,0.0,0.0,0,0.0,0.8660254037844387,-0.4999999999999998,0.9967506498213929,-0.08054900421874167,0.11878139409277944,0.11878139409277944,moderate
2026-04-06,37.5000_-117.5000,37.5,-117.5,18.7,9,6.69,0.0,0.1,0.5,20.9,27,1.963,30.26,0.5,0.0,37.77625,0.25,100.0,0.0,0.0,0.0,0.0,0.0,0,0.0,0.8660254037844387,-0.4999999999999998,0.9967506498213929,-0.08054900421874167,0.084213469096208,0.084213469096208,low
2026-04-06,37.5000_-116.5000,37.5,-116.5,23.2,7,4.09,0.0,0.4,2.7,9.9,27,2.645,34.54,0.5,0.0,45.99375,0.25,100.0,0.0,0.0,0.0,0.0,0.0,0,0.0,0.8660254037844387,-0.4999999999999998,0.9967506498213929,-0.08054900421874167,0.061636269736238695,0.061636269736238695,low
2026-04-06,37.5000_-115.5000,37.5,-115.5,24.0,7,5.0,0.0,0.3,0.5,2.0,30,2.775,37.05,0.5,0.0,47.53125,0.25,100.0,0.0,0.0,0.0,0.0,0.0,0,0.0,0.8660254037844387,-0.4999999999999998,0.9967506498213929,-0.08054900421874167,0.07741048418673532,0.07741048418673532,low
2026-04-06,37.5000_-114.5000,37.5,-114.5,19.3,10,5.07,0.0,0.9,4.4,8.8,28,2.015,28.73,0.5,0.0,38.53125000000001,0.25,100.0,0.0,0.0,0.0,0.0,0.0,0,0.0,0.8660254037844387,-0.4999999999999998,0.9967506498213929,-0.08054900421874167,0.08954393899949066,0.08954393899949066,low
2026-04-06,37.5000_-113.5000,37.5,-113.5,18.6,9,5.99,0.0,1.1,14.6,33.6,22,1.95,29.24,0.5,0.0,37.612500000000004,0.25,100.0,0.0,0.0,0.0,0.0,0.0,0,0.0,0.8660254037844387,-0.4999999999999998,0.9967506498213929,-0.08054900421874167,0.07296597564668382,0.07296597564668382,low
2026-04-06,37.5000_-112.5000,37.5,-112.5,17.1,11,8.12,0.0,3.8,11.5,19.0,21,1.736,29.31,0.5,0.0,34.99,0.25,100.0,0.0,0.0,0.0,0.0,0.0,0,0.0,0.8660254037844387,-0.4999999999999998,0.9967506498213929,-0.08054900421874167,0.13175233676571396,0.13175233676571396,moderate
2026-04-06,37.5000_-111.5000,37.5,-111.5,19.5,8,8.52,0.0,0.1,5.2,15.0,25,2.086,34.02,0.5,0.0,39.2525,0.25,100.0,0.0,0.0,0.0,0.0,0.0,0,0.0,0.8660254037844387,-0.4999999999999998,0.9967506498213929,-0.08054900421874167,0.19869835188529517,0.19869835188529517,moderate
2026-04-06,37.5000_-110.5000,37.5,-110.5,22.3,10,4.3,0.0,0.0,2.6,5.6,28,2.423,32.22,0.5,0.0,43.60125,0.25,100.0,0.0,0.0,0.0,0.0,0.0,0,0.0,0.8660254037844387,-0.4999999999999998,0.9967506498213929,-0.08054900421874167,0.1172449788337677,0.1172449788337677,moderate
2026-04-06,37.5000_-109.5000,37.5,-109.5,21.0,9,4.47,0.0,0.1,2.5,20.7,24,2.263,30.79,0.5,0.0,41.551249999999996,0.25,100.0,0.0,0.0,0.0,0.0,0.0,5,114.58000000000001,0.8660254037844387,-0.4999999999999998,0.9967506498213929,-0.08054900421874167,0.14068836217875164,0.14068836217875164,moderate
2026-04-06,37.5000_-108.5000,37.5,-108.5,16.5,14,7.56,0.0,1.1,16.8,68.0,20,1.614,26.94,0.5,0.0,33.6225,0.25,100.0,0.0,0.0,0.0,0.0,0.0,2,23.009999999999998,0.8660254037844387,-0.4999999999999998,0.9967506498213929,-0.08054900421874167,0.24020161759868777,0.24020161759868777,moderate
2026-04-06,37.5000_-107.5000,37.5,-107.5,6.5,32,6.08,0.0,5.8,18.4,139.6,13,0.658,10.72,0.5,0.0,20.2575,0.25,100.0,0.0,0.0,0.0,0.0,0.0,1,3.31,0.8660254037844387,-0.4999999999999998,0.9967506498213929,-0.08054900421874167,0.13856496652927427,0.13856496652927427,moderate
2026-04-06,37.5000_-106.5000,37.5,-106.5,8.1,20,7.03,0.0,0.5,3.9,53.5,15,0.864,16.01,0.5,0.0,22.86,0.25,100.0,0.0,0.0,0.0,0.0,0.0,1,3.03,0.8660254037844387,-0.4999999999999998,0.9967506498213929,-0.08054900421874167,0.1661141337252779,0.1661141337252779,moderate
2026-04-06,37.5000_-105.5000,37.5,-105.5,16.3,11,7.24,0.0,1.9,3.1,58.4,20,1.65,27.19,0.5,0.0,33.8375,0.25,100.0,0.0,0.0,0.0,0.0,0.0,0,0.0,0.8660254037844387,-0.4999999999999998,0.9967506498213929,-0.08054900421874167,0.06470826723015802,0.06470826723015802,low
2026-04-06,37.5000_-104.5000,37.5,-104.5,21.5,9,7.79,0.0,0.0,0.0,17.8,24,2.334,35.74,0.5,0.0,42.4225,0.25,100.0,0.0,0.0,0.0,0.0,0.0,0,0.0,0.8660254037844387,-0.4999999999999998,0.9967506498213929,-0.08054900421874167,0.06815137945144806,0.06815137945144806,low
2026-04-06,38.5000_-123.5000,38.5,-123.5,11.6,89,5.59,0.0,13.1,13.1,21.5,27,0.15,0.0,0.5,0.0,18.3625,0.25,100.0,0.0,0.0,0.0,0.0,0.0,0,0.0,0.8660254037844387,-0.4999999999999998,0.9967506498213929,-0.08054900421874167,0.0156948379334708,0.0156948379334708,low
2026-04-06,38.5000_-122.5000,38.5,-122.5,27.2,24,5.76,0.0,6.0,6.199999999999999,11.299999999999999,27,2.742,36.47,0.5,0.0,48.8425,0.25,100.0,0.0,0.0,0.0,0.0,0.0,8,9.690000000000001,0.8660254037844387,-0.4999999999999998,0.9967506498213929,-0.08054900421874167,0.7671520740702671,0.7671520740702671,extreme
2026-04-06,38.5000_-121.5000,38.5,-121.5,29.4,17,4.43,0.0,0.7,1.2,5.3,29,3.402,42.01,0.5,0.0,55.7175,0.25,100.0,0.0,0.0,0.0,0.0,0.0,13,122.15,0.8660254037844387,-0.4999999999999998,0.9967506498213929,-0.08054900421874167,0.8513040929698106,0.8513040929698106,extreme
2026-04-06,38.5000_-120.5000,38.5,-120.5,19.4,26,3.52,0.0,12.0,12.3,43.5,24,1.667,21.63,0.5,0.0,35.53625,0.25,100.0,0.0,0.0,0.0,0.0,0.0,0,0.0,0.8660254037844387,-0.4999999999999998,0.9967506498213929,-0.08054900421874167,0.1856686569694229,0.1856686569694229,moderate
2026-04-06,38.5000_-119.5000,38.5,-119.5,19.3,13,6.53,0.0,0.3,12.6,18.9,25,1.948,29.58,0.5,0.0,37.945,0.25,100.0,0.0,0.0,0.0,0.0,0.0,0,0.0,0.8660254037844387,-0.4999999999999998,0.9967506498213929,-0.08054900421874167,0.1294851776015492,0.1294851776015492,moderate
2026-04-06,38.5000_-118.5000,38.5,-118.5,23.1,5,4.72,0.0,0.7,5.9,13.4,27,2.685,35.92,0.5,0.0,46.29375,0.25,100.0,0.0,0.0,0.0,0.0,0.0,0,0.0,0.8660254037844387,-0.4999999999999998,0.9967506498213929,-0.08054900421874167,0.04446347198279241,0.04446347198279241,low
2026-04-06,38.5000_-117.5000,38.5,-117.5,22.7,6,5.95,0.0,23.0,25.8,40.9,23,2.593,36.42,0.5,0.0,45.28875,0.25,100.0,0.0,0.0,0.0,0.0,0.0,0,0.0,0.8660254037844387,-0.4999999999999998,0.9967506498213929,-0.08054900421874167,0.08418571472916178,0.08418571472916178,low
2026-04-06,38.5000_-116.5000,38.5,-116.5,20.0,8,4.55,0.0,12.7,18.6,34.1,23,2.151,29.74,0.5,0.0,40.071250000000006,0.25,100.0,0.0,0.0,0.0,0.0,0.0,0,0.0,0.8660254037844387,-0.4999999999999998,0.9967506498213929,-0.08054900421874167,0.09061078103741364,0.09061078103741364,low
2026-04-06,38.5000_-115.5000,38.5,-115.5,21.0,8,5.33,0.0,18.7,38.2,46.9,23,2.288,32.22,0.5,0.0,41.769999999999996,0.25,100.0,0.0,0.0,0.0,0.0,0.0,0,0.0,0.8660254037844387,-0.4999999999999998,0.9967506498213929,-0.08054900421874167,0.08412965735822006,0.08412965735822006,low
2026-04-06,38.5000_-114.5000,38.5,-114.5,20.5,8,6.75,0.0,6.0,8.2,14.5,27,2.219,33.26,0.5,0.0,40.91625,0.25,100.0,0.0,0.0,0.0,0.0,0.0,0,0.0,0.8660254037844387,-0.4999999999999998,0.9967506498213929,-0.08054900421874167,0.10567339593109323,0.10567339593109323,moderate
2026-04-06,38.5000_-113.5000,38.5,-113.5,21.9,12,4.33,0.0,2.0,2.6,4.5,28,2.313,30.92,0.5,0.0,42.43875,0.25,100.0,0.0,0.0,0.0,0.0,0.0,3,12.39,0.8660254037844387,-0.4999999999999998,0.9967506498213929,-0.08054900421874167,0.5332184194979204,0.5332184194979204,extreme
2026-04-06,38.5000_-112.5000,38.5,-112.5,12.6,16,5.93,0.0,1.6,24.2,47.2,21,1.226,19.92,0.5,0.0,28.2775,0.25,100.0,0.0,0.0,0.0,0.0,0.0,10,14.12,0.8660254037844387,-0.4999999999999998,0.9967506498213929,-0.08054900421874167,0.7156450907175712,0.7156450907175712,extreme
2026-04-06,38.5000_-111.5000,38.5,-111.5,13.4,12,10.99,0.0,4.9,10.8,37.4,18,1.353,28.23,0.5,0.0,29.788749999999997,0.25,100.0,0.0,0.0,0.0,0.0,0.0,0,0.0,0.8660254037844387,-0.4999999999999998,0.9967506498213929,-0.08054900421874167,0.27731954152174154,0.27731954152174154,high
2026-04-06,38.5000_-110.5000,38.5,-110.5,21.8,9,4.52,0.0,0.2,2.8,6.0,27,2.377,32.08,0.5,0.0,42.948750000000004,0.25,100.0,0.0,0.0,0.0,0.0,0.0,0,0.0,0.8660254037844387,-0.4999999999999998,0.9967506498213929,-0.08054900421874167,0.18946150800833905,0.18946150800833905,moderate
2026-04-06,38.5000_-109.5000,38.5,-109.5,21.4,9,5.94,0.0,0.4,8.700000000000001,35.1,26,2.319,33.25,0.5,0.0,42.241249999999994,0.25,100.0,0.0,0.0,0.0,0.0,0.0,0,0.0,0.8660254037844387,-0.4999999999999998,0.9967506498213929,-0.08054900421874167,0.19314728192283964,0.19314728192283964,moderate
2026-04-06,38.5000_-108.5000,38.5,-108.5,13.1,14,6.45,0.0,1.2,10.700000000000001,44.3,17,1.297,21.64,0.5,0.0,29.14875,0.25,100.0,0.0,0.0,0.0,0.0,0.0,0,0.0,0.8660254037844387,-0.4999999999999998,0.9967506498213929,-0.08054900421874167,0.11643781238860562,0.11643781238860562,moderate
2026-04-06,38.5000_-107.5000,38.5,-107.5,11.2,17,7.16,0.0,1.0,1.4,56.5,20,1.104,19.78,0.5,0.0,26.51,0.25,100.0,0.0,0.0,0.0,0.0,0.0,0,0.0,0.8660254037844387,-0.4999999999999998,0.9967506498213929,-0.08054900421874167,0.17521028963755042,0.17521028963755042,moderate
2026-04-06,38.5000_-106.5000,38.5,-106.5,13.8,11,7.81,0.0,0.2,1.3,54.7,23,1.404,24.94,0.5,0.0,30.435000000000002,0.25,100.0,0.0,0.0,0.0,0.0,0.0,0,0.0,0.8660254037844387,-0.4999999999999998,0.9967506498213929,-0.08054900421874167,0.08275131766888788,0.08275131766888788,low
2026-04-06,38.5000_-105.5000,38.5,-105.5,17.7,9,7.99,0.0,0.4,0.9,12.9,26,1.843,30.54,0.5,0.0,36.22625,0.25,100.0,0.0,0.0,0.0,0.0,0.0,0,0.0,0.8660254037844387,-0.4999999999999998,0.9967506498213929,-0.08054900421874167,0.14503435081240318,0.14503435081240318,moderate
2026-04-06,38.5000_-104.5000,38.5,-104.5,24.1,6,7.27,0.0,0.8999999999999999,0.8999999999999999,40.0,24,2.822,40.48,0.5,0.0,47.9925,0.25,100.0,0.0,0.0,0.0,0.0,0.0,11,12.93,0.8660254037844387,-0.4999999999999998,0.9967506498213929,-0.08054900421874167,0.7266676561642742,0.7266676561642742,extreme
2026-04-06,39.5000_-123.5000,39.5,-123.5,21.6,28,3.04,0.0,15.1,15.1,37.6,25,1.858,23.13,0.5,0.0,38.307500000000005,0.25,100.0,0.0,0.0,0.0,0.0,0.0,2,8.01,0.8660254037844387,-0.4999999999999998,0.9967506498213929,-0.08054900421874167,0.31369218713088753,0.31369218713088753,high
2026-04-06,39.5000_-122.5000,39.5,-122.5,26.3,20,5.23,0.0,0.4,0.4,16.0,26,2.737,36.01,0.5,0.0,48.34875,0.25,100.0,0.0,0.0,0.0,0.0,0.0,44,948.0,0.8660254037844387,-0.4999999999999998,0.9967506498213929,-0.08054900421874167,0.7749866680199399,0.7749866680199399,extreme
2026-04-06,39.5000_-121.5000,39.5,-121.5,27.8,18,3.98,0.0,3.9,3.9,6.9,28,3.064,37.95,0.5,0.0,51.96000000000001,0.25,100.0,0.0,0.0,0.0,0.0,0.0,74,937.36,0.8660254037844387,-0.4999999999999998,0.9967506498213929,-0.08054900421874167,0.7539308914157795,0.7539308914157795,extreme
2026-04-06,39.5000_-120.5000,39.5,-120.5,12.7,2,4.26,0.0,18.5,19.4,45.5,22,1.439,21.66,0.5,0.0,30.191250000000004,0.25,100.0,0.0,0.0,0.0,0.0,0.0,0,0.0,0.8660254037844387,-0.4999999999999998,0.9967506498213929,-0.08054900421874167,0.016160287395637525,0.016160287395637525,low
2026-04-06,39.5000_-119.5000,39.5,-119.5,19.0,1,5.28,0.0,2.6,6.0,15.4,27,2.175,31.5,0.5,0.0,39.78125,0.25,100.0,0.0,0.0,0.0,0.0,0.0,10,10.24,0.8660254037844387,-0.4999999999999998,0.9967506498213929,-0.08054900421874167,0.4049136491908148,0.4049136491908148,high
2026-04-06,39.5000_-118.5000,39.5,-118.5,24.6,5,4.53,0.0,2.7,2.7,4.1,29,2.938,38.3,0.5,0.0,49.2575,0.25,100.0,0.0,0.0,0.0,0.0,0.0,0,0.0,0.8660254037844387,-0.4999999999999998,0.9967506498213929,-0.08054900421874167,0.05920035506919354,0.05920035506919354,low
2026-04-06,39.5000_-117.5000,39.5,-117.5,20.0,7,4.52,0.0,5.1,8.7,28.8,23,2.175,30.05,0.5,0.0,40.28125,0.25,100.0,0.0,0.0,0.0,0.0,0.0,0,0.0,0.8660254037844387,-0.4999999999999998,0.9967506498213929,-0.08054900421874167,0.0564835768890771,0.0564835768890771,low
2026-04-06,39.5000_-116.5000,39.5,-116.5,20.7,6,5.64,0.0,11.2,21.7,63.0,18,2.295,32.85,0.5,0.0,41.68125,0.25,100.0,0.0,0.0,0.0,0.0,0.0,0,0.0,0.8660254037844387,-0.4999999999999998,0.9967506498213929,-0.08054900421874167,0.09276252955930077,0.09276252955930077,low
2026-04-06,39.5000_-115.5000,39.5,-115.5,18.7,8,7.08,0.0,7.7,9.2,15.3,26,1.984,31.07,0.5,0.0,37.959999999999994,0.25,100.0,0.0,0.0,0.0,0.0,0.0,0,0.0,0.8660254037844387,-0.4999999999999998,0.9967506498213929,-0.08054900421874167,0.05815604235993285,0.05815604235993285,low
2026-04-06,39.5000_-114.5000,39.5,-114.5,22.3,7,4.57,0.0,1.7,1.9,3.2,29,2.504,33.66,0.5,0.0,44.31,0.25,100.0,0.0,0.0,0.0,0.0,0.0,0,0.0,0.8660254037844387,-0.4999999999999998,0.9967506498213929,-0.08054900421874167,0.079591352324446,0.079591352324446,low
2026-04-06,39.5000_-113.5000,39.5,-113.5,23.3,9,3.61,0.0,2.4,2.4,2.5,29,2.603,33.34,0.5,0.0,45.67625,0.25,100.0,0.0,0.0,0.0,0.0,0.0,0,0.0,0.8660254037844387,-0.4999999999999998,0.9967506498213929,-0.08054900421874167,0.17140082195501405,0.17140082195501405,moderate
2026-04-06,39.5000_-112.5000,39.5,-112.5,22.9,8,4.31,0.0,3.7,3.7,4.1000000000000005,29,2.569,33.94,0.5,0.0,45.178749999999994,0.25,100.0,0.0,0.0,0.0,0.0,0.0,4,5.64,0.8660254037844387,-0.4999999999999998,0.9967506498213929,-0.08054900421874167,0.5415442241402199,0.5415442241402199,extreme
2026-04-06,39.5000_-111.5000,39.5,-111.5,21.5,9,7.52,0.0,0.2,0.6000000000000001,5.0,28,2.334,35.4,0.5,0.0,42.4225,0.25,100.0,0.0,0.0,0.0,0.0,0.0,2,14.5,0.8660254037844387,-0.4999999999999998,0.9967506498213929,-0.08054900421874167,0.4106628049581554,0.4106628049581554,high
2026-04-06,39.5000_-110.5000,39.5,-110.5,21.3,10,5.19,0.0,3.1999999999999997,6.1,13.9,26,2.28,31.8,0.5,0.0,41.85,0.25,100.0,0.0,0.0,0.0,0.0,0.0,0,0.0,0.8660254037844387,-0.4999999999999998,0.9967506498213929,-0.08054900421874167,0.23368635765133483,0.23368635765133483,moderate
2026-04-06,39.5000_-109.5000,39.5,-109.5,18.2,11,6.59,0.0,0.5,4.8999999999999995,29.0,25,1.86,28.81,0.5,0.0,36.625,0.25,100.0,0.0,0.0,0.0,0.0,0.0,0,0.0,0.8660254037844387,-0.4999999999999998,0.9967506498213929,-0.08054900421874167,0.13681813259136277,0.13681813259136277,moderate
2026-04-06,39.5000_-108.5000,39.5,-108.5,17.7,11,5.1,0.0,1.2999999999999998,2.6,29.8,20,1.803,26.28,0.5,0.0,35.87625,0.25,100.0,0.0,0.0,0.0,0.0,0.0,0,0.0,0.8660254037844387,-0.4999999999999998,0.9967506498213929,-0.08054900421874167,0.16957913775933584,0.16957913775933584,moderate
2026-04-06,39.5000_-107.5000,39.5,-107.5,18.5,10,7.42,0.0,0.1,0.30000000000000004,21.8,23,1.917,30.59,0.5,0.0,37.27375,0.25,100.0,0.0,0.0,0.0,0.0,0.0,0,0.0,0.8660254037844387,-0.4999999999999998,0.9967506498213929,-0.08054900421874167,0.14062492374817256,0.14062492374817256,moderate
2026-04-06,39.5000_-106.5000,39.5,-106.5,1.9,34,7.0,0.0,3.5,5.0,59.6,11,0.462,8.18,0.5,0.0,16.2425,0.25,100.0,0.0,0.0,0.0,0.0,0.0,0,0.0,0.8660254037844387,-0.4999999999999998,0.9967506498213929,-0.08054900421874167,0.1610560257610267,0.1610560257610267,moderate
2026-04-06,39.5000_-105.5000,39.5,-105.5,14.1,10,5.92,0.0,6.8,10.299999999999999,110.4,13,1.448,23.18,0.5,0.0,30.97,0.25,100.0,0.0,0.0,0.0,0.0,0.0,1,0.58,0.8660254037844387,-0.4999999999999998,0.9967506498213929,-0.08054900421874167,0.33942069347483034,0.33942069347483034,high
2026-04-06,39.5000_-104.5000,39.5,-104.5,18.4,16,6.9,0.0,6.6,9.2,36.300000000000004,21,1.778,27.88,0.5,0.0,36.0075,0.25,100.0,0.0,0.0,0.0,0.0,0.0,7,4.38,0.8660254037844387,-0.4999999999999998,0.9967506498213929,-0.08054900421874167,0.7601798651652344,0.7601798651652344,extreme
2026-04-06,40.5000_-123.5000,40.5,-123.5,13.3,42,5.0,0.0,36.400000000000006,36.400000000000006,70.5,23,0.886,12.41,0.5,0.0,25.6525,0.25,100.0,0.0,0.0,0.0,0.0,0.0,0,0.0,0.8660254037844387,-0.4999999999999998,0.9967506498213929,-0.08054900421874167,0.08608993045455861,0.08608993045455861,low
2026-04-06,40.5000_-122.5000,40.5,-122.5,27.5,18,3.1,0.0,10.9,10.9,40.1,26,3.01,36.29,0.5,0.0,51.33749999999999,0.25,100.0,0.0,0.0,0.0,0.0,0.0,3,1.52,0.8660254037844387,-0.4999999999999998,0.9967506498213929,-0.08054900421874167,0.6431866204510541,0.6431866204510541,extreme
2026-04-06,40.5000_-121.5000,40.5,-121.5,8.0,24,6.87,0.0,9.6,9.6,27.9,24,0.815,14.78,0.5,0.0,22.38125,0.25,100.0,0.0,0.0,0.0,0.0,0.0,0,0.0,0.8660254037844387,-0.4999999999999998,0.9967506498213929,-0.08054900421874167,0.04546275727773771,0.04546275727773771,low
2026-04-06,40.5000_-120.5000,40.5,-120.5,19.9,12,6.04,0.0,2.7,2.7,8.7,27,2.045,30.13,0.5,0.0,39.09374999999999,0.25,100.0,0.0,0.0,0.0,0.0,0.0,0,0.0,0.8660254037844387,-0.4999999999999998,0.9967506498213929,-0.08054900421874167,0.10210934402676013,0.10210934402676013,moderate
2026-04-06,40.5000_-119.5000,40.5,-119.5,22.4,7,6.01,0.0,6.3,6.3999999999999995,15.5,26,2.519,35.63,0.5,0.0,44.49125,0.25,100.0,0.0,0.0,0.0,0.0,0.0,0,0.0,0.8660254037844387,-0.4999999999999998,0.9967506498213929,-0.08054900421874167,0.06229415635579949,0.06229415635579949,low
2026-04-06,40.5000_-118.5000,40.5,-118.5,22.6,6,4.24,0.0,4.8,4.9,7.1,28,2.578,34.11,0.5,0.0,45.1075,0.25,100.0,0.0,0.0,0.0,0.0,0.0,0,0.0,0.8660254037844387,-0.4999999999999998,0.9967506498213929,-0.08054900421874167,0.1017434885599296,0.1017434885599296,moderate
2026-04-06,40.5000_-117.5000,40.5,-117.5,15.3,9,4.48,0.0,4.0,4.0,10.8,26,1.582,23.07,0.5,0.0,32.7425,0.25,100.0,0.0,0.0,0.0,0.0,0.0,2,1.21,0.8660254037844387,-0.4999999999999998,0.9967506498213929,-0.08054900421874167,0.4401987338334133,0.4401987338334133,high
2026-04-06,40.5000_-116.5000,40.5,-116.5,23.0,9,3.78,0.0,10.3,10.4,16.1,28,2.557,33.07,0.5,0.0,45.123749999999994,0.25,100.0,0.0,0.0,0.0,0.0,0.0,0,0.0,0.8660254037844387,-0.4999999999999998,0.9967506498213929,-0.08054900421874167,0.15343422700785503,0.15343422700785503,moderate
2026-04-06,40.5000_-115.5000,40.5,-115.5,12.9,15,6.98,0.0,21.1,32.5,68.7,18,1.265,21.82,0.5,0.0,28.768749999999997,0.25,100.0,0.0,0.0,0.0,0.0,0.0,0,0.0,0.8660254037844387,-0.4999999999999998,0.9967506498213929,-0.08054900421874167,0.07461786552244401,0.07461786552244401,low
2026-04-06,40.5000_-114.5000,40.5,-114.5,21.3,9,5.28,0.0,1.6,4.800000000000001,10.9,26,2.305,32.26,0.5,0.0,42.06875,0.25,100.0,0.0,0.0,0.0,0.0,0.0,15,27.25,0.8660254037844387,-0.4999999999999998,0.9967506498213929,-0.08054900421874167,0.5881159071218637,0.5881159071218637,extreme
2026-04-06,40.5000_-113.5000,40.5,-113.5,21.0,15,3.1,0.0,3.4,3.5,5.7,27,2.114,26.97,0.5,0.0,40.2475,0.25,100.0,0.0,0.0,0.0,0.0,0.0,0,0.0,0.8660254037844387,-0.4999999999999998,0.9967506498213929,-0.08054900421874167,0.12508538953590997,0.12508538953590997,moderate
2026-04-06,40.5000_-112.5000,40.5,-112.5,19.0,25,7.16,0.0,7.0,21.4,50.1,20,1.648,26.06,0.5,0.0,35.17,0.25,100.0,0.0,0.0,0.0,0.0,0.0,4,21.47,0.8660254037844387,-0.4999999999999998,0.9967506498213929,-0.08054900421874167,0.6568185656433139,0.6568185656433139,extreme
2026-04-06,40.5000_-111.5000,40.5,-111.5,19.1,14,5.53,0.0,2.3000000000000003,2.8000000000000003,16.9,24,1.902,27.72,0.5,0.0,37.4425,0.25,100.0,0.0,0.0,0.0,0.0,0.0,3,1.71,0.8660254037844387,-0.4999999999999998,0.9967506498213929,-0.08054900421874167,0.6299447502128583,0.6299447502128583,extreme
2026-04-06,40.5000_-110.5000,40.5,-110.5,12.1,17,7.57,0.0,7.4,9.8,56.2,18,1.172,21.2,0.5,0.0,27.554999999999996,0.25,100.0,0.0,0.0,0.0,0.0,0.0,5,10.02,0.8660254037844387,-0.4999999999999998,0.9967506498213929,-0.08054900421874167,0.6867262656356937,0.6867262656356937,extreme
2026-04-06,40.5000_-109.5000,40.5,-109.5,21.8,12,7.46,0.0,1.0,1.6,24.1,25,2.298,34.7,0.5,0.0,42.2575,0.25,100.0,0.0,0.0,0.0,0.0,0.0,0,0.0,0.8660254037844387,-0.4999999999999998,0.9967506498213929,-0.08054900421874167,0.16696667744202393,0.16696667744202393,moderate
2026-04-06,40.5000_-108.5000,40.5,-108.5,18.3,10,6.14,0.0,0.6,1.2,21.4,26,1.893,28.7,0.5,0.0,36.96375,0.25,100.0,0.0,0.0,0.0,0.0,0.0,0,0.0,0.8660254037844387,-0.4999999999999998,0.9967506498213929,-0.08054900421874167,0.18393229585757515,0.18393229585757515,moderate
2026-04-06,40.5000_-107.5000,40.5,-107.5,19.5,10,6.6,0.0,0.7,2.5999999999999996,46.3,23,2.04,30.94,0.5,0.0,38.849999999999994,0.25,100.0,0.0,0.0,0.0,0.0,0.0,0,0.0,0.8660254037844387,-0.4999999999999998,0.9967506498213929,-0.08054900421874167,0.19578596852407337,0.19578596852407337,moderate
2026-04-06,40.5000_-106.5000,40.5,-106.5,13.3,16,7.55,0.0,9.200000000000001,10.700000000000001,54.0,21,1.283,22.7,0.5,0.0,29.12625,0.25,100.0,0.0,0.0,0.0,0.0,0.0,0,0.0,0.8660254037844387,-0.4999999999999998,0.9967506498213929,-0.08054900421874167,0.1362252689051625,0.1362252689051625,moderate
2026-04-06,40.5000_-105.5000,40.5,-105.5,10.4,15,5.22,0.0,7.7,8.1,106.5,10,1.072,17.06,0.5,0.0,25.83,0.25,100.0,0.0,0.0,0.0,0.0,0.0,1,0.76,0.8660254037844387,-0.4999999999999998,0.9967506498213929,-0.08054900421874167,0.4062815092727594,0.4062815092727594,high
2026-04-06,40.5000_-104.5000,40.5,-104.5,18.1,19,7.52,0.0,1.7,1.7,63.7,22,1.682,27.32,0.5,0.0,35.0175,0.25,100.0,0.0,0.0,0.0,0.0,0.0,3,2.23,0.8660254037844387,-0.4999999999999998,0.9967506498213929,-0.08054900421874167,0.4100447872911971,0.4100447872911971,high
2026-04-06,41.5000_-123.5000,41.5,-123.5,21.4,50,3.31,0.0,29.8,29.8,61.9,24,1.274,15.42,0.5,0.0,33.0975,0.25,100.0,0.0,0.0,0.0,0.0,0.0,8,26.3,0.8660254037844387,-0.4999999999999998,0.9967506498213929,-0.08054900421874167,0.5360548974275267,0.5360548974275267,extreme
2026-04-06,41.5000_-122.5000,41.5,-122.5,23.5,23,6.46,0.0,10.1,10.1,45.8,26,2.23,31.93,0.5,0.0,42.512499999999996,0.25,100.0,0.0,0.0,0.0,0.0,0.0,23,205.82,0.8660254037844387,-0.4999999999999998,0.9967506498213929,-0.08054900421874167,0.6603045059028639,0.6603045059028639,extreme
2026-04-06,41.5000_-121.5000,41.5,-121.5,16.1,26,4.67,0.0,9.9,9.9,40.0,24,1.354,19.26,0.5,0.0,31.1475,0.25,100.0,0.0,0.0,0.0,0.0,0.0,3,5.79,0.8660254037844387,-0.4999999999999998,0.9967506498213929,-0.08054900421874167,0.3608940941668949,0.3608940941668949,high
2026-04-06,41.5000_-120.5000,41.5,-120.5,21.8,13,5.15,0.0,1.0,1.0,5.4,28,2.272,31.44,0.5,0.0,42.03,0.25,100.0,0.0,0.0,0.0,0.0,0.0,0,0.0,0.8660254037844387,-0.4999999999999998,0.9967506498213929,-0.08054900421874167,0.07736775792356419,0.07736775792356419,low
2026-04-06,41.5000_-119.5000,41.5,-119.5,18.4,9,5.7,0.0,3.7,3.7,23.6,26,1.926,28.6,0.5,0.0,37.302499999999995,0.25,100.0,0.0,0.0,0.0,0.0,0.0,0,0.0,0.8660254037844387,-0.4999999999999998,0.9967506498213929,-0.08054900421874167,0.07014583381652156,0.07014583381652156,low
2026-04-06,41.5000_-118.5000,41.5,-118.5,23.2,10,6.17,0.0,0.7,0.7,22.7,29,2.559,36.03,0.5,0.0,45.24125,0.25,100.0,0.0,0.0,0.0,0.0,0.0,0,0.0,0.8660254037844387,-0.4999999999999998,0.9967506498213929,-0.08054900421874167,0.13401583560764824,0.13401583560764824,moderate
2026-04-06,41.5000_-117.5000,41.5,-117.5,22.8,10,5.66,0.0,9.9,9.9,11.700000000000001,28,2.498,34.74,0.5,0.0,44.5075,0.25,100.0,0.0,0.0,0.0,0.0,0.0,1,25.19,0.8660254037844387,-0.4999999999999998,0.9967506498213929,-0.08054900421874167,0.2059933441887952,0.2059933441887952,moderate
2026-04-06,41.5000_-116.5000,41.5,-116.5,19.4,12,4.62,0.0,14.6,14.799999999999999,21.7,27,1.982,27.64,0.5,0.0,38.2925,0.25,100.0,0.0,0.0,0.0,0.0,0.0,0,0.0,0.8660254037844387,-0.4999999999999998,0.9967506498213929,-0.08054900421874167,0.047870054205108384,0.047870054205108384,low
2026-04-06,41.5000_-115.5000,41.5,-115.5,18.8,11,4.83,0.0,14.3,15.3,22.900000000000002,27,1.931,27.4,0.5,0.0,37.54625,0.25,100.0,0.0,0.0,0.0,0.0,0.0,0,0.0,0.8660254037844387,-0.4999999999999998,0.9967506498213929,-0.08054900421874167,0.05958831119229388,0.05958831119229388,low
2026-04-06,41.5000_-114.5000,41.5,-114.5,21.0,10,6.95,0.0,12.5,12.9,17.0,27,2.238,33.56,0.5,0.0,41.3325,0.25,100.0,0.0,0.0,0.0,0.0,0.0,0,0.0,0.8660254037844387,-0.4999999999999998,0.9967506498213929,-0.08054900421874167,0.10869968956602176,0.10869968956602176,moderate
2026-04-06,41.5000_-113.5000,41.5,-113.5,20.4,17,3.95,0.0,3.7,4.1000000000000005,5.7,29,1.989,26.5,0.5,0.0,38.85375,0.25,100.0,0.0,0.0,0.0,0.0,0.0,0,0.0,0.8660254037844387,-0.4999999999999998,0.9967506498213929,-0.08054900421874167,0.0864243134161213,0.0864243134161213,low
2026-04-06,41.5000_-112.5000,41.5,-112.5,15.8,20,3.68,0.0,7.9,7.9,11.4,28,1.436,19.44,0.5,0.0,31.715,0.25,100.0,0.0,0.0,0.0,0.0,0.0,1,0.63,0.8660254037844387,-0.4999999999999998,0.9967506498213929,-0.08054900421874167,0.24861103249130143,0.24861103249130143,moderate
2026-04-06,41.5000_-111.5000,41.5,-111.5,8.3,34,5.76,0.0,1.6,7.0,26.4,21,0.723,11.26,0.5,0.0,21.72625,0.25,100.0,0.0,0.0,0.0,0.0,0.0,15,96.21000000000001,0.8660254037844387,-0.4999999999999998,0.9967506498213929,-0.08054900421874167,0.14269992344047985,0.14269992344047985,moderate
2026-04-06,41.5000_-110.5000,41.5,-110.5,16.8,14,7.29,0.0,0.8,1.1,14.0,28,1.645,26.97,0.5,0.0,34.04375,0.25,100.0,0.0,0.0,0.0,0.0,0.0,1,1.25,0.8660254037844387,-0.4999999999999998,0.9967506498213929,-0.08054900421874167,0.438464444751022,0.438464444751022,high
2026-04-06,41.5000_-109.5000,41.5,-109.5,18.3,12,8.0,0.0,0.7,0.8999999999999999,22.8,25,1.851,30.41,0.5,0.0,36.596250000000005,0.25,100.0,0.0,0.0,0.0,0.0,0.0,0,0.0,0.8660254037844387,-0.4999999999999998,0.9967506498213929,-0.08054900421874167,0.1472275304322749,0.1472275304322749,moderate
2026-04-06,41.5000_-108.5000,41.5,-108.5,17.1,12,8.05,0.0,0.2,1.4,25.9,25,1.716,28.91,0.5,0.0,34.815000000000005,0.25,100.0,0.0,0.0,0.0,0.0,0.0,0,0.0,0.8660254037844387,-0.4999999999999998,0.9967506498213929,-0.08054900421874167,0.14973009368105894,0.14973009368105894,moderate
2026-04-06,41.5000_-107.5000,41.5,-107.5,15.0,11,7.79,0.0,1.1,1.4000000000000001,27.099999999999998,25,1.518,26.31,0.5,0.0,32.032500000000006,0.25,100.0,0.0,0.0,0.0,0.0,0.0,2,2.17,0.8660254037844387,-0.4999999999999998,0.9967506498213929,-0.08054900421874167,0.4772355771272291,0.4772355771272291,high
2026-04-06,41.5000_-106.5000,41.5,-106.5,14.4,14,7.93,0.0,5.2,10.299999999999999,45.6,21,1.411,24.94,0.5,0.0,30.796249999999997,0.25,100.0,0.0,0.0,0.0,0.0,0.0,0,0.0,0.8660254037844387,-0.4999999999999998,0.9967506498213929,-0.08054900421874167,0.15267876357616184,0.15267876357616184,moderate
2026-04-06,41.5000_-105.5000,41.5,-105.5,12.7,16,4.49,0.0,0.5,0.8,41.7,24,1.234,18.21,0.5,0.0,28.397499999999997,0.25,100.0,0.0,0.0,0.0,0.0,0.0,3,3.36,0.8660254037844387,-0.4999999999999998,0.9967506498213929,-0.08054900421874167,0.49367469446158874,0.49367469446158874,high
2026-04-06,41.5000_-104.5000,41.5,-104.5,16.5,18,6.4,0.0,3.9,3.9,29.0,25,1.539,24.28,0.5,0.0,32.96625,0.25,100.0,0.0,0.0,0.0,0.0,0.0,0,0.0,0.8660254037844387,-0.4999999999999998,0.9967506498213929,-0.08054900421874167,0.14237946285937553,0.14237946285937553,moderate
