date,t2m_max_c,rh_min_pct,wind10m_max_ms,precip_mm,lat_center,lon_center,cell_id
2026-04-26,15.8,63,8.49,0.0,32.5,-123.5,32.5000_-123.5000
2026-04-27,15.4,62,6.26,0.0,32.5,-123.5,32.5000_-123.5000
2026-04-28,15.1,60,5.48,0.0,32.5,-123.5,32.5000_-123.5000
2026-04-29,14.9,63,6.3,0.0,32.5,-123.5,32.5000_-123.5000
2026-04-30,14.9,67,8.99,0.2,32.5,-123.5,32.5000_-123.5000
2026-05-01,15.5,74,8.93,0.0,32.5,-123.5,32.5000_-123.5000
2026-05-02,15.6,73,9.8,0.0,32.5,-123.5,32.5000_-123.5000
2026-04-26,15.9,61,9.3,0.0,32.5,-122.5,32.5000_-122.5000
2026-04-27,15.4,64,6.98,0.4,32.5,-122.5,32.5000_-122.5000
2026-04-28,15.1,65,5.29,0.0,32.5,-122.5,32.5000_-122.5000
2026-04-29,15.1,65,7.12,0.0,32.5,-122.5,32.5000_-122.5000
2026-04-30,15.2,68,9.13,0.0,32.5,-122.5,32.5000_-122.5000
2026-05-01,15.6,74,9.53,0.0,32.5,-122.5,32.5000_-122.5000
2026-05-02,15.6,74,9.84,0.0,32.5,-122.5,32.5000_-122.5000
2026-04-26,16.1,62,9.49,0.0,32.5,-121.5,32.5000_-121.5000
2026-04-27,15.6,65,7.71,0.0,32.5,-121.5,32.5000_-121.5000
2026-04-28,15.3,64,5.41,0.0,32.5,-121.5,32.5000_-121.5000
2026-04-29,15.1,69,7.52,0.0,32.5,-121.5,32.5000_-121.5000
2026-04-30,15.4,71,9.99,0.0,32.5,-121.5,32.5000_-121.5000
2026-05-01,15.8,76,10.19,0.0,32.5,-121.5,32.5000_-121.5000
2026-05-02,15.8,75,8.9,0.0,32.5,-121.5,32.5000_-121.5000
2026-04-26,16.1,63,9.74,0.0,32.5,-120.5,32.5000_-120.5000
2026-04-27,15.9,64,8.1,1.1,32.5,-120.5,32.5000_-120.5000
2026-04-28,15.4,65,6.13,0.0,32.5,-120.5,32.5000_-120.5000
2026-04-29,15.4,71,7.42,0.0,32.5,-120.5,32.5000_-120.5000
2026-04-30,15.6,72,10.95,0.1,32.5,-120.5,32.5000_-120.5000
2026-05-01,15.6,78,11.32,0.0,32.5,-120.5,32.5000_-120.5000
2026-05-02,15.8,77,8.58,0.0,32.5,-120.5,32.5000_-120.5000
2026-04-26,16.1,71,9.31,4.0,32.5,-119.5,32.5000_-119.5000
2026-04-27,15.8,65,7.79,1.1,32.5,-119.5,32.5000_-119.5000
2026-04-28,15.6,64,6.31,0.0,32.5,-119.5,32.5000_-119.5000
2026-04-29,15.8,74,7.29,0.0,32.5,-119.5,32.5000_-119.5000
2026-04-30,15.9,75,10.9,0.2,32.5,-119.5,32.5000_-119.5000
2026-05-01,15.6,79,10.49,0.0,32.5,-119.5,32.5000_-119.5000
2026-05-02,15.6,78,7.85,0.0,32.5,-119.5,32.5000_-119.5000
2026-04-26,16.1,73,9.77,0.0,32.5,-118.5,32.5000_-118.5000
2026-04-27,15.8,66,8.32,0.0,32.5,-118.5,32.5000_-118.5000
2026-04-28,15.6,65,6.74,0.0,32.5,-118.5,32.5000_-118.5000
2026-04-29,15.9,76,7.21,0.0,32.5,-118.5,32.5000_-118.5000
2026-04-30,15.9,77,9.84,1.2,32.5,-118.5,32.5000_-118.5000
2026-05-01,16.2,80,9.31,0.0,32.5,-118.5,32.5000_-118.5000
2026-05-02,15.9,82,7.85,0.0,32.5,-118.5,32.5000_-118.5000
2026-04-26,16.8,69,9.82,0.0,32.5,-117.5,32.5000_-117.5000
2026-04-27,16.6,62,7.69,0.0,32.5,-117.5,32.5000_-117.5000
2026-04-28,16.2,63,6.18,0.0,32.5,-117.5,32.5000_-117.5000
2026-04-29,16.6,74,5.32,0.0,32.5,-117.5,32.5000_-117.5000
2026-04-30,16.6,73,7.06,0.0,32.5,-117.5,32.5000_-117.5000
2026-05-01,17.2,73,5.98,0.0,32.5,-117.5,32.5000_-117.5000
2026-05-02,17.5,80,5.83,0.0,32.5,-117.5,32.5000_-117.5000
2026-04-26,14.4,59,8.34,4.4,32.5,-116.5,32.5000_-116.5000
2026-04-27,14.2,53,7.42,1.8,32.5,-116.5,32.5000_-116.5000
2026-04-28,20.8,20,7.25,0.0,32.5,-116.5,32.5000_-116.5000
2026-04-29,20.3,27,7.17,0.0,32.5,-116.5,32.5000_-116.5000
2026-04-30,17.8,54,8.01,17.0,32.5,-116.5,32.5000_-116.5000
2026-05-01,22.1,39,7.11,0.0,32.5,-116.5,32.5000_-116.5000
2026-05-02,22.9,30,4.92,0.0,32.5,-116.5,32.5000_-116.5000
2026-04-26,29.7,20,11.76,0.0,32.5,-115.5,32.5000_-115.5000
2026-04-27,25.5,22,11.74,0.0,32.5,-115.5,32.5000_-115.5000
2026-04-28,28.8,15,7.65,0.0,32.5,-115.5,32.5000_-115.5000
2026-04-29,28.7,15,3.49,0.0,32.5,-115.5,32.5000_-115.5000
2026-04-30,28.6,16,4.18,0.0,32.5,-115.5,32.5000_-115.5000
2026-05-01,34.3,12,5.8,0.0,32.5,-115.5,32.5000_-115.5000
2026-05-02,35.1,12,6.42,0.0,32.5,-115.5,32.5000_-115.5000
2026-04-26,27.2,22,7.92,0.0,32.5,-114.5,32.5000_-114.5000
2026-04-27,25.3,20,8.08,0.0,32.5,-114.5,32.5000_-114.5000
2026-04-28,28.4,13,4.19,0.0,32.5,-114.5,32.5000_-114.5000
2026-04-29,28.2,13,3.67,0.0,32.5,-114.5,32.5000_-114.5000
2026-04-30,26.8,18,7.18,1.2,32.5,-114.5,32.5000_-114.5000
2026-05-01,32.3,19,5.41,0.0,32.5,-114.5,32.5000_-114.5000
2026-05-02,33.6,13,5.64,0.0,32.5,-114.5,32.5000_-114.5000
2026-04-26,29.2,15,7.35,0.0,32.5,-113.5,32.5000_-113.5000
2026-04-27,25.5,19,8.71,0.0,32.5,-113.5,32.5000_-113.5000
2026-04-28,28.4,12,6.14,0.0,32.5,-113.5,32.5000_-113.5000
2026-04-29,28.6,12,4.9,0.0,32.5,-113.5,32.5000_-113.5000
2026-04-30,26.8,19,4.07,5.2,32.5,-113.5,32.5000_-113.5000
2026-05-01,31.6,20,4.28,0.0,32.5,-113.5,32.5000_-113.5000
2026-05-02,33.2,15,4.95,0.0,32.5,-113.5,32.5000_-113.5000
2026-04-26,25.6,22,8.29,0.0,32.5,-112.5,32.5000_-112.5000
2026-04-27,23.0,22,6.87,0.0,32.5,-112.5,32.5000_-112.5000
2026-04-28,26.7,10,7.03,0.0,32.5,-112.5,32.5000_-112.5000
2026-04-29,26.6,10,6.47,0.0,32.5,-112.5,32.5000_-112.5000
2026-04-30,22.4,21,4.6,4.8,32.5,-112.5,32.5000_-112.5000
2026-05-01,26.8,23,5.1,0.1,32.5,-112.5,32.5000_-112.5000
2026-05-02,28.7,18,4.86,0.0,32.5,-112.5,32.5000_-112.5000
2026-04-26,28.3,16,6.59,0.0,32.5,-111.5,32.5000_-111.5000
2026-04-27,26.2,16,7.01,0.0,32.5,-111.5,32.5000_-111.5000
2026-04-28,27.3,11,7.01,0.0,32.5,-111.5,32.5000_-111.5000
2026-04-29,26.9,10,4.63,0.0,32.5,-111.5,32.5000_-111.5000
2026-04-30,23.2,29,5.91,5.3,32.5,-111.5,32.5000_-111.5000
2026-05-01,27.3,25,7.0,0.2,32.5,-111.5,32.5000_-111.5000
2026-05-02,29.8,18,3.83,0.0,32.5,-111.5,32.5000_-111.5000
2026-04-26,27.4,14,6.94,0.0,32.5,-110.5,32.5000_-110.5000
2026-04-27,26.4,15,6.82,0.0,32.5,-110.5,32.5000_-110.5000
2026-04-28,27.0,9,7.2,0.0,32.5,-110.5,32.5000_-110.5000
2026-04-29,27.6,9,7.43,0.0,32.5,-110.5,32.5000_-110.5000
2026-04-30,19.1,55,5.95,9.7,32.5,-110.5,32.5000_-110.5000
2026-05-01,25.4,27,6.53,0.6,32.5,-110.5,32.5000_-110.5000
2026-05-02,28.0,20,5.96,0.0,32.5,-110.5,32.5000_-110.5000
2026-04-26,26.8,12,9.28,0.0,32.5,-109.5,32.5000_-109.5000
2026-04-27,26.6,11,8.93,0.0,32.5,-109.5,32.5000_-109.5000
2026-04-28,27.9,7,9.0,0.0,32.5,-109.5,32.5000_-109.5000
2026-04-29,28.9,8,11.86,0.0,32.5,-109.5,32.5000_-109.5000
2026-04-30,22.3,33,10.92,1.6,32.5,-109.5,32.5000_-109.5000
2026-05-01,26.2,18,9.39,0.1,32.5,-109.5,32.5000_-109.5000
2026-05-02,26.4,18,6.19,0.0,32.5,-109.5,32.5000_-109.5000
2026-04-26,20.2,15,13.91,0.0,32.5,-108.5,32.5000_-108.5000
2026-04-27,19.7,12,11.36,0.0,32.5,-108.5,32.5000_-108.5000
2026-04-28,19.8,10,11.21,0.0,32.5,-108.5,32.5000_-108.5000
2026-04-29,21.5,11,10.29,0.5,32.5,-108.5,32.5000_-108.5000
2026-04-30,14.6,53,16.53,5.8,32.5,-108.5,32.5000_-108.5000
2026-05-01,18.0,30,9.09,2.2,32.5,-108.5,32.5000_-108.5000
2026-05-02,18.8,28,8.94,0.0,32.5,-108.5,32.5000_-108.5000
2026-04-26,25.6,10,14.96,0.0,32.5,-107.5,32.5000_-107.5000
2026-04-27,25.0,9,13.15,0.0,32.5,-107.5,32.5000_-107.5000
2026-04-28,25.2,8,8.86,0.0,32.5,-107.5,32.5000_-107.5000
2026-04-29,27.0,10,7.83,0.0,32.5,-107.5,32.5000_-107.5000
2026-04-30,23.9,30,13.74,0.8,32.5,-107.5,32.5000_-107.5000
2026-05-01,25.4,18,14.3,0.8,32.5,-107.5,32.5000_-107.5000
2026-05-02,24.4,23,9.21,0.0,32.5,-107.5,32.5000_-107.5000
2026-04-26,22.4,11,15.22,0.0,32.5,-106.5,32.5000_-106.5000
2026-04-27,21.4,9,14.45,0.0,32.5,-106.5,32.5000_-106.5000
2026-04-28,22.4,7,10.23,0.0,32.5,-106.5,32.5000_-106.5000
2026-04-29,23.8,9,9.65,0.0,32.5,-106.5,32.5000_-106.5000
2026-04-30,22.7,15,10.72,0.2,32.5,-106.5,32.5000_-106.5000
2026-05-01,21.7,17,10.88,0.4,32.5,-106.5,32.5000_-106.5000
2026-05-02,20.8,20,5.23,0.0,32.5,-106.5,32.5000_-106.5000
2026-04-26,22.8,12,15.34,0.0,32.5,-105.5,32.5000_-105.5000
2026-04-27,21.4,12,13.08,0.0,32.5,-105.5,32.5000_-105.5000
2026-04-28,22.0,8,9.77,0.0,32.5,-105.5,32.5000_-105.5000
2026-04-29,23.6,9,9.59,0.0,32.5,-105.5,32.5000_-105.5000
2026-04-30,22.7,20,8.9,0.0,32.5,-105.5,32.5000_-105.5000
2026-05-01,19.7,27,11.0,0.9,32.5,-105.5,32.5000_-105.5000
2026-05-02,16.9,35,13.79,0.0,32.5,-105.5,32.5000_-105.5000
2026-04-26,30.7,8,12.31,0.0,32.5,-104.5,32.5000_-104.5000
2026-04-27,29.1,8,13.0,0.0,32.5,-104.5,32.5000_-104.5000
2026-04-28,29.6,6,10.74,0.0,32.5,-104.5,32.5000_-104.5000
2026-04-29,29.7,6,8.41,0.0,32.5,-104.5,32.5000_-104.5000
2026-04-30,29.3,14,8.36,2.3,32.5,-104.5,32.5000_-104.5000
2026-05-01,22.1,29,11.72,1.5,32.5,-104.5,32.5000_-104.5000
2026-05-02,19.7,32,10.71,0.0,32.5,-104.5,32.5000_-104.5000
2026-04-26,15.2,60,8.03,0.0,33.5,-123.5,33.5000_-123.5000
2026-04-27,15.1,63,7.44,0.4,33.5,-123.5,33.5000_-123.5000
2026-04-28,14.9,62,5.14,0.0,33.5,-123.5,33.5000_-123.5000
2026-04-29,14.8,65,7.96,0.0,33.5,-123.5,33.5000_-123.5000
2026-04-30,14.9,68,9.63,0.0,33.5,-123.5,33.5000_-123.5000
2026-05-01,15.3,74,10.36,0.0,33.5,-123.5,33.5000_-123.5000
2026-05-02,15.2,70,10.98,0.0,33.5,-123.5,33.5000_-123.5000
2026-04-26,15.2,62,7.79,1.8,33.5,-122.5,33.5000_-122.5000
2026-04-27,15.0,64,6.17,0.0,33.5,-122.5,33.5000_-122.5000
2026-04-28,15.0,64,5.8,0.0,33.5,-122.5,33.5000_-122.5000
2026-04-29,14.9,69,7.44,0.0,33.5,-122.5,33.5000_-122.5000
2026-04-30,14.9,72,10.32,0.0,33.5,-122.5,33.5000_-122.5000
2026-05-01,15.1,75,9.92,0.0,33.5,-122.5,33.5000_-122.5000
2026-05-02,15.1,74,10.96,0.0,33.5,-122.5,33.5000_-122.5000
2026-04-26,15.7,63,9.55,0.0,33.5,-121.5,33.5000_-121.5000
2026-04-27,15.6,59,8.0,0.0,33.5,-121.5,33.5000_-121.5000
2026-04-28,15.1,64,6.98,0.0,33.5,-121.5,33.5000_-121.5000
2026-04-29,15.1,72,7.7,0.0,33.5,-121.5,33.5000_-121.5000
2026-04-30,15.2,76,10.89,0.0,33.5,-121.5,33.5000_-121.5000
2026-05-01,15.4,76,11.05,0.0,33.5,-121.5,33.5000_-121.5000
2026-05-02,15.4,75,9.85,0.0,33.5,-121.5,33.5000_-121.5000
2026-04-26,15.6,61,8.22,1.8,33.5,-120.5,33.5000_-120.5000
2026-04-27,15.4,65,6.69,0.0,33.5,-120.5,33.5000_-120.5000
2026-04-28,15.0,67,8.24,0.0,33.5,-120.5,33.5000_-120.5000
2026-04-29,14.9,78,7.79,0.0,33.5,-120.5,33.5000_-120.5000
2026-04-30,14.9,80,12.2,0.0,33.5,-120.5,33.5000_-120.5000
2026-05-01,14.9,78,12.73,0.0,33.5,-120.5,33.5000_-120.5000
2026-05-02,14.9,79,9.4,0.0,33.5,-120.5,33.5000_-120.5000
2026-04-26,15.4,69,7.04,0.4,33.5,-119.5,33.5000_-119.5000
2026-04-27,15.4,67,8.47,0.0,33.5,-119.5,33.5000_-119.5000
2026-04-28,15.1,66,8.83,0.0,33.5,-119.5,33.5000_-119.5000
2026-04-29,15.1,82,8.18,0.0,33.5,-119.5,33.5000_-119.5000
2026-04-30,15.1,82,12.03,0.0,33.5,-119.5,33.5000_-119.5000
2026-05-01,14.9,82,12.69,0.0,33.5,-119.5,33.5000_-119.5000
2026-05-02,14.9,81,9.26,0.0,33.5,-119.5,33.5000_-119.5000
2026-04-26,15.9,63,8.47,0.4,33.5,-118.5,33.5000_-118.5000
2026-04-27,16.0,63,8.22,0.0,33.5,-118.5,33.5000_-118.5000
2026-04-28,15.9,64,7.13,0.0,33.5,-118.5,33.5000_-118.5000
2026-04-29,16.4,72,6.38,0.0,33.5,-118.5,33.5000_-118.5000
2026-04-30,16.3,79,6.63,0.0,33.5,-118.5,33.5000_-118.5000
2026-05-01,17.4,76,6.51,0.0,33.5,-118.5,33.5000_-118.5000
2026-05-02,17.5,80,5.5,0.0,33.5,-118.5,33.5000_-118.5000
2026-04-26,14.9,62,6.0,22.3,33.5,-117.5,33.5000_-117.5000
2026-04-27,16.2,46,6.61,1.1,33.5,-117.5,33.5000_-117.5000
2026-04-28,17.1,51,5.32,0.0,33.5,-117.5,33.5000_-117.5000
2026-04-29,17.8,55,5.48,0.0,33.5,-117.5,33.5000_-117.5000
2026-04-30,16.4,63,4.39,0.2,33.5,-117.5,33.5000_-117.5000
2026-05-01,18.3,59,4.47,0.0,33.5,-117.5,33.5000_-117.5000
2026-05-02,17.5,68,3.68,0.0,33.5,-117.5,33.5000_-117.5000
2026-04-26,12.3,55,12.13,1.8,33.5,-116.5,33.5000_-116.5000
2026-04-27,11.3,46,10.69,0.4,33.5,-116.5,33.5000_-116.5000
2026-04-28,18.7,16,6.58,0.0,33.5,-116.5,33.5000_-116.5000
2026-04-29,18.5,18,4.49,0.0,33.5,-116.5,33.5000_-116.5000
2026-04-30,17.9,31,5.73,2.8,33.5,-116.5,33.5000_-116.5000
2026-05-01,23.6,19,7.55,0.0,33.5,-116.5,33.5000_-116.5000
2026-05-02,22.1,20,6.59,0.0,33.5,-116.5,33.5000_-116.5000
2026-04-26,21.3,30,9.65,0.0,33.5,-115.5,33.5000_-115.5000
2026-04-27,19.7,25,6.63,0.0,33.5,-115.5,33.5000_-115.5000
2026-04-28,24.1,14,4.7,0.0,33.5,-115.5,33.5000_-115.5000
2026-04-29,23.4,14,4.88,0.0,33.5,-115.5,33.5000_-115.5000
2026-04-30,25.1,21,3.84,0.2,33.5,-115.5,33.5000_-115.5000
2026-05-01,28.8,14,4.63,0.0,33.5,-115.5,33.5000_-115.5000
2026-05-02,28.5,13,3.97,0.0,33.5,-115.5,33.5000_-115.5000
2026-04-26,27.3,17,10.11,0.0,33.5,-114.5,33.5000_-114.5000
2026-04-27,25.3,17,9.21,0.0,33.5,-114.5,33.5000_-114.5000
2026-04-28,29.2,12,6.07,0.0,33.5,-114.5,33.5000_-114.5000
2026-04-29,29.0,12,5.41,0.0,33.5,-114.5,33.5000_-114.5000
2026-04-30,27.5,15,3.51,1.8,33.5,-114.5,33.5000_-114.5000
2026-05-01,33.4,13,5.2,0.0,33.5,-114.5,33.5000_-114.5000
2026-05-02,33.2,13,5.11,0.0,33.5,-114.5,33.5000_-114.5000
2026-04-26,24.9,17,9.1,0.0,33.5,-113.5,33.5000_-113.5000
2026-04-27,23.1,18,7.43,0.0,33.5,-113.5,33.5000_-113.5000
2026-04-28,27.0,11,6.29,0.0,33.5,-113.5,33.5000_-113.5000
2026-04-29,26.9,11,5.95,0.0,33.5,-113.5,33.5000_-113.5000
2026-04-30,23.8,21,5.02,2.5,33.5,-113.5,33.5000_-113.5000
2026-05-01,31.0,15,4.22,0.0,33.5,-113.5,33.5000_-113.5000
2026-05-02,30.9,15,4.84,0.0,33.5,-113.5,33.5000_-113.5000
2026-04-26,27.5,15,8.82,0.0,33.5,-112.5,33.5000_-112.5000
2026-04-27,24.3,20,6.91,0.0,33.5,-112.5,33.5000_-112.5000
2026-04-28,27.4,11,6.11,0.0,33.5,-112.5,33.5000_-112.5000
2026-04-29,28.2,10,5.68,0.0,33.5,-112.5,33.5000_-112.5000
2026-04-30,25.1,22,6.82,1.9,33.5,-112.5,33.5000_-112.5000
2026-05-01,29.5,23,3.89,0.0,33.5,-112.5,33.5000_-112.5000
2026-05-02,31.6,16,3.76,0.0,33.5,-112.5,33.5000_-112.5000
2026-04-26,25.8,17,7.95,0.0,33.5,-111.5,33.5000_-111.5000
2026-04-27,22.9,20,6.87,0.0,33.5,-111.5,33.5000_-111.5000
2026-04-28,25.9,11,3.55,0.0,33.5,-111.5,33.5000_-111.5000
2026-04-29,27.4,10,7.7,0.0,33.5,-111.5,33.5000_-111.5000
2026-04-30,24.6,18,5.82,5.9,33.5,-111.5,33.5000_-111.5000
2026-05-01,25.4,30,4.6,0.4,33.5,-111.5,33.5000_-111.5000
2026-05-02,29.4,19,4.31,0.0,33.5,-111.5,33.5000_-111.5000
2026-04-26,22.9,16,8.38,0.0,33.5,-110.5,33.5000_-110.5000
2026-04-27,22.4,18,7.39,0.0,33.5,-110.5,33.5000_-110.5000
2026-04-28,25.0,11,6.91,0.0,33.5,-110.5,33.5000_-110.5000
2026-04-29,25.0,11,9.8,0.0,33.5,-110.5,33.5000_-110.5000
2026-04-30,17.7,41,5.0,11.2,33.5,-110.5,33.5000_-110.5000
2026-05-01,24.3,27,5.5,1.3,33.5,-110.5,33.5000_-110.5000
2026-05-02,25.7,20,6.07,0.3,33.5,-110.5,33.5000_-110.5000
2026-04-26,18.6,19,9.72,0.0,33.5,-109.5,33.5000_-109.5000
2026-04-27,17.9,19,8.85,0.0,33.5,-109.5,33.5000_-109.5000
2026-04-28,20.3,10,8.14,0.0,33.5,-109.5,33.5000_-109.5000
2026-04-29,19.9,13,6.74,0.5,33.5,-109.5,33.5000_-109.5000
2026-04-30,12.5,67,3.47,13.6,33.5,-109.5,33.5000_-109.5000
2026-05-01,19.7,29,7.6,0.9,33.5,-109.5,33.5000_-109.5000
2026-05-02,20.4,27,5.33,0.3,33.5,-109.5,33.5000_-109.5000
2026-04-26,15.2,20,14.6,0.0,33.5,-108.5,33.5000_-108.5000
2026-04-27,15.2,15,12.11,0.0,33.5,-108.5,33.5000_-108.5000
2026-04-28,16.3,8,9.27,0.0,33.5,-108.5,33.5000_-108.5000
2026-04-29,16.3,14,7.91,0.1,33.5,-108.5,33.5000_-108.5000
2026-04-30,11.1,58,5.98,13.6,33.5,-108.5,33.5000_-108.5000
2026-05-01,15.5,27,7.64,2.1,33.5,-108.5,33.5000_-108.5000
2026-05-02,17.6,22,4.59,0.0,33.5,-108.5,33.5000_-108.5000
2026-04-26,20.4,15,15.88,0.0,33.5,-107.5,33.5000_-107.5000
2026-04-27,21.3,8,13.73,0.0,33.5,-107.5,33.5000_-107.5000
2026-04-28,22.9,7,11.3,0.0,33.5,-107.5,33.5000_-107.5000
2026-04-29,21.6,8,8.88,0.0,33.5,-107.5,33.5000_-107.5000
2026-04-30,18.9,32,11.61,2.5,33.5,-107.5,33.5000_-107.5000
2026-05-01,20.9,17,10.98,1.0,33.5,-107.5,33.5000_-107.5000
2026-05-02,20.2,18,7.14,0.0,33.5,-107.5,33.5000_-107.5000
2026-04-26,24.2,11,15.4,0.0,33.5,-106.5,33.5000_-106.5000
2026-04-27,23.8,7,13.49,0.0,33.5,-106.5,33.5000_-106.5000
2026-04-28,24.6,7,12.01,0.0,33.5,-106.5,33.5000_-106.5000
2026-04-29,24.5,7,8.01,0.0,33.5,-106.5,33.5000_-106.5000
2026-04-30,22.5,26,7.47,2.4,33.5,-106.5,33.5000_-106.5000
2026-05-01,21.2,28,7.49,1.5,33.5,-106.5,33.5000_-106.5000
2026-05-02,21.0,28,5.16,0.0,33.5,-106.5,33.5000_-106.5000
2026-04-26,22.3,12,16.68,0.0,33.5,-105.5,33.5000_-105.5000
2026-04-27,21.2,10,12.28,0.0,33.5,-105.5,33.5000_-105.5000
2026-04-28,21.6,11,13.22,0.0,33.5,-105.5,33.5000_-105.5000
2026-04-29,22.0,11,9.4,0.0,33.5,-105.5,33.5000_-105.5000
2026-04-30,21.1,26,8.25,5.2,33.5,-105.5,33.5000_-105.5000
2026-05-01,16.5,51,10.93,1.0,33.5,-105.5,33.5000_-105.5000
2026-05-02,16.0,40,7.8,0.0,33.5,-105.5,33.5000_-105.5000
2026-04-26,31.5,8,13.2,0.0,33.5,-104.5,33.5000_-104.5000
2026-04-27,30.4,5,12.71,0.0,33.5,-104.5,33.5000_-104.5000
2026-04-28,29.2,7,9.93,0.0,33.5,-104.5,33.5000_-104.5000
2026-04-29,28.4,8,8.99,0.0,33.5,-104.5,33.5000_-104.5000
2026-04-30,26.1,21,8.51,0.7,33.5,-104.5,33.5000_-104.5000
2026-05-01,20.8,39,12.64,2.2,33.5,-104.5,33.5000_-104.5000
2026-05-02,19.6,33,11.99,0.0,33.5,-104.5,33.5000_-104.5000
2026-04-26,14.4,67,8.23,0.0,34.5,-123.5,34.5000_-123.5000
2026-04-27,14.4,69,7.15,2.2,34.5,-123.5,34.5000_-123.5000
2026-04-28,14.0,65,5.84,0.0,34.5,-123.5,34.5000_-123.5000
2026-04-29,14.2,69,9.16,0.0,34.5,-123.5,34.5000_-123.5000
2026-04-30,14.3,75,9.76,0.0,34.5,-123.5,34.5000_-123.5000
2026-05-01,14.6,75,10.45,0.0,34.5,-123.5,34.5000_-123.5000
2026-05-02,14.6,68,11.07,0.0,34.5,-123.5,34.5000_-123.5000
2026-04-26,14.7,62,7.86,0.0,34.5,-122.5,34.5000_-122.5000
2026-04-27,14.5,65,6.44,2.2,34.5,-122.5,34.5000_-122.5000
2026-04-28,14.1,64,7.04,0.0,34.5,-122.5,34.5000_-122.5000
2026-04-29,14.2,72,8.44,0.0,34.5,-122.5,34.5000_-122.5000
2026-04-30,14.2,78,10.04,0.0,34.5,-122.5,34.5000_-122.5000
2026-05-01,14.4,79,10.53,0.0,34.5,-122.5,34.5000_-122.5000
2026-05-02,14.4,75,11.77,0.0,34.5,-122.5,34.5000_-122.5000
2026-04-26,14.6,67,7.3,0.0,34.5,-121.5,34.5000_-121.5000
2026-04-27,14.6,68,6.21,0.0,34.5,-121.5,34.5000_-121.5000
2026-04-28,14.2,66,8.57,0.0,34.5,-121.5,34.5000_-121.5000
2026-04-29,14.4,77,8.5,0.0,34.5,-121.5,34.5000_-121.5000
2026-04-30,14.4,80,10.5,0.0,34.5,-121.5,34.5000_-121.5000
2026-05-01,14.6,79,11.1,0.0,34.5,-121.5,34.5000_-121.5000
2026-05-02,14.4,77,11.1,0.0,34.5,-121.5,34.5000_-121.5000
2026-04-26,17.1,58,7.27,0.4,34.5,-120.5,34.5000_-120.5000
2026-04-27,17.7,52,9.24,0.0,34.5,-120.5,34.5000_-120.5000
2026-04-28,17.1,60,7.67,0.0,34.5,-120.5,34.5000_-120.5000
2026-04-29,17.3,68,6.28,0.0,34.5,-120.5,34.5000_-120.5000
2026-04-30,18.5,61,9.0,0.0,34.5,-120.5,34.5000_-120.5000
2026-05-01,18.0,64,8.32,0.0,34.5,-120.5,34.5000_-120.5000
2026-05-02,17.7,67,6.54,0.0,34.5,-120.5,34.5000_-120.5000
2026-04-26,15.0,42,6.45,1.8,34.5,-119.5,34.5000_-119.5000
2026-04-27,16.4,42,6.22,0.0,34.5,-119.5,34.5000_-119.5000
2026-04-28,18.7,34,4.12,0.0,34.5,-119.5,34.5000_-119.5000
2026-04-29,20.1,34,4.21,0.0,34.5,-119.5,34.5000_-119.5000
2026-04-30,24.4,28,3.18,0.0,34.5,-119.5,34.5000_-119.5000
2026-05-01,23.7,29,4.34,0.0,34.5,-119.5,34.5000_-119.5000
2026-05-02,22.2,38,3.98,0.0,34.5,-119.5,34.5000_-119.5000
2026-04-26,16.9,41,9.32,0.0,34.5,-118.5,34.5000_-118.5000
2026-04-27,17.5,37,9.27,0.0,34.5,-118.5,34.5000_-118.5000
2026-04-28,21.6,25,6.89,0.0,34.5,-118.5,34.5000_-118.5000
2026-04-29,21.7,26,6.79,0.0,34.5,-118.5,34.5000_-118.5000
2026-04-30,24.1,24,7.09,0.0,34.5,-118.5,34.5000_-118.5000
2026-05-01,23.7,36,5.64,0.0,34.5,-118.5,34.5000_-118.5000
2026-05-02,24.5,24,5.22,0.0,34.5,-118.5,34.5000_-118.5000
2026-04-26,15.8,35,8.63,0.0,34.5,-117.5,34.5000_-117.5000
2026-04-27,16.6,30,6.89,0.0,34.5,-117.5,34.5000_-117.5000
2026-04-28,21.7,12,4.1,0.0,34.5,-117.5,34.5000_-117.5000
2026-04-29,22.5,13,7.32,0.0,34.5,-117.5,34.5000_-117.5000
2026-04-30,23.7,20,9.88,0.0,34.5,-117.5,34.5000_-117.5000
2026-05-01,26.4,19,10.41,0.0,34.5,-117.5,34.5000_-117.5000
2026-05-02,26.0,16,7.45,0.0,34.5,-117.5,34.5000_-117.5000
2026-04-26,19.9,25,11.95,0.7,34.5,-116.5,34.5000_-116.5000
2026-04-27,18.7,26,9.34,0.0,34.5,-116.5,34.5000_-116.5000
2026-04-28,23.5,14,8.24,0.0,34.5,-116.5,34.5000_-116.5000
2026-04-29,23.7,13,5.99,0.0,34.5,-116.5,34.5000_-116.5000
2026-04-30,26.0,15,6.36,0.0,34.5,-116.5,34.5000_-116.5000
2026-05-01,29.5,11,10.79,0.0,34.5,-116.5,34.5000_-116.5000
2026-05-02,29.4,12,9.29,0.0,34.5,-116.5,34.5000_-116.5000
2026-04-26,28.4,15,7.7,0.0,34.5,-115.5,34.5000_-115.5000
2026-04-27,24.6,16,6.22,0.0,34.5,-115.5,34.5000_-115.5000
2026-04-28,28.0,12,4.57,0.0,34.5,-115.5,34.5000_-115.5000
2026-04-29,28.3,10,8.67,0.0,34.5,-115.5,34.5000_-115.5000
2026-04-30,30.9,15,8.39,0.0,34.5,-115.5,34.5000_-115.5000
2026-05-01,34.0,11,7.28,0.0,34.5,-115.5,34.5000_-115.5000
2026-05-02,33.9,11,7.32,0.0,34.5,-115.5,34.5000_-115.5000
2026-04-26,27.1,17,8.6,0.0,34.5,-114.5,34.5000_-114.5000
2026-04-27,24.1,17,5.15,0.0,34.5,-114.5,34.5000_-114.5000
2026-04-28,27.9,10,5.44,0.0,34.5,-114.5,34.5000_-114.5000
2026-04-29,28.3,10,10.2,0.0,34.5,-114.5,34.5000_-114.5000
2026-04-30,28.2,19,3.0,0.4,34.5,-114.5,34.5000_-114.5000
2026-05-01,32.2,14,5.02,0.0,34.5,-114.5,34.5000_-114.5000
2026-05-02,32.6,13,6.38,0.0,34.5,-114.5,34.5000_-114.5000
2026-04-26,19.5,18,8.13,1.4,34.5,-113.5,34.5000_-113.5000
2026-04-27,17.7,19,6.63,0.0,34.5,-113.5,34.5000_-113.5000
2026-04-28,22.4,10,6.62,0.0,34.5,-113.5,34.5000_-113.5000
2026-04-29,22.2,10,8.13,0.0,34.5,-113.5,34.5000_-113.5000
2026-04-30,19.5,31,5.33,1.6,34.5,-113.5,34.5000_-113.5000
2026-05-01,25.1,19,6.02,0.0,34.5,-113.5,34.5000_-113.5000
2026-05-02,26.9,13,5.66,0.0,34.5,-113.5,34.5000_-113.5000
2026-04-26,13.5,25,10.15,1.4,34.5,-112.5,34.5000_-112.5000
2026-04-27,12.1,28,10.32,0.0,34.5,-112.5,34.5000_-112.5000
2026-04-28,17.3,14,7.93,0.0,34.5,-112.5,34.5000_-112.5000
2026-04-29,16.1,15,5.54,0.2,34.5,-112.5,34.5000_-112.5000
2026-04-30,12.1,52,2.86,3.9,34.5,-112.5,34.5000_-112.5000
2026-05-01,18.5,32,8.88,0.6,34.5,-112.5,34.5000_-112.5000
2026-05-02,21.4,17,8.64,0.0,34.5,-112.5,34.5000_-112.5000
2026-04-26,13.5,28,10.87,0.0,34.5,-111.5,34.5000_-111.5000
2026-04-27,12.0,31,8.91,0.0,34.5,-111.5,34.5000_-111.5000
2026-04-28,17.2,13,7.47,0.0,34.5,-111.5,34.5000_-111.5000
2026-04-29,16.2,13,4.47,0.2,34.5,-111.5,34.5000_-111.5000
2026-04-30,10.7,55,3.64,8.6,34.5,-111.5,34.5000_-111.5000
2026-05-01,18.8,26,6.18,0.3,34.5,-111.5,34.5000_-111.5000
2026-05-02,21.4,19,6.66,0.0,34.5,-111.5,34.5000_-111.5000
2026-04-26,15.8,21,15.28,0.0,34.5,-110.5,34.5000_-110.5000
2026-04-27,15.2,22,13.6,0.0,34.5,-110.5,34.5000_-110.5000
2026-04-28,20.1,8,10.15,0.0,34.5,-110.5,34.5000_-110.5000
2026-04-29,18.7,10,7.81,0.0,34.5,-110.5,34.5000_-110.5000
2026-04-30,14.2,35,8.11,12.7,34.5,-110.5,34.5000_-110.5000
2026-05-01,20.6,17,9.57,1.4,34.5,-110.5,34.5000_-110.5000
2026-05-02,20.1,17,8.76,0.0,34.5,-110.5,34.5000_-110.5000
2026-04-26,17.2,20,13.17,0.0,34.5,-109.5,34.5000_-109.5000
2026-04-27,17.8,16,11.37,0.0,34.5,-109.5,34.5000_-109.5000
2026-04-28,20.3,10,11.63,0.0,34.5,-109.5,34.5000_-109.5000
2026-04-29,21.5,10,11.56,0.0,34.5,-109.5,34.5000_-109.5000
2026-04-30,12.5,51,8.2,10.1,34.5,-109.5,34.5000_-109.5000
2026-05-01,19.5,16,8.12,3.2,34.5,-109.5,34.5000_-109.5000
2026-05-02,20.0,17,6.66,0.0,34.5,-109.5,34.5000_-109.5000
2026-04-26,16.9,22,14.6,0.0,34.5,-108.5,34.5000_-108.5000
2026-04-27,18.8,9,11.72,0.0,34.5,-108.5,34.5000_-108.5000
2026-04-28,17.5,12,10.78,0.0,34.5,-108.5,34.5000_-108.5000
2026-04-29,19.6,9,8.21,0.0,34.5,-108.5,34.5000_-108.5000
2026-04-30,13.9,46,9.98,10.4,34.5,-108.5,34.5000_-108.5000
2026-05-01,17.0,22,7.86,4.7,34.5,-108.5,34.5000_-108.5000
2026-05-02,18.7,17,7.57,0.0,34.5,-108.5,34.5000_-108.5000
2026-04-26,19.1,16,14.06,0.0,34.5,-107.5,34.5000_-107.5000
2026-04-27,21.4,8,11.43,0.0,34.5,-107.5,34.5000_-107.5000
2026-04-28,21.1,8,10.7,0.0,34.5,-107.5,34.5000_-107.5000
2026-04-29,22.2,9,7.72,0.0,34.5,-107.5,34.5000_-107.5000
2026-04-30,18.5,27,12.45,1.6,34.5,-107.5,34.5000_-107.5000
2026-05-01,20.2,18,10.25,2.7,34.5,-107.5,34.5000_-107.5000
2026-05-02,19.8,21,8.14,0.0,34.5,-107.5,34.5000_-107.5000
2026-04-26,22.0,13,15.91,0.0,34.5,-106.5,34.5000_-106.5000
2026-04-27,21.9,8,12.79,0.0,34.5,-106.5,34.5000_-106.5000
2026-04-28,21.7,8,11.5,0.0,34.5,-106.5,34.5000_-106.5000
2026-04-29,22.8,10,5.99,0.0,34.5,-106.5,34.5000_-106.5000
2026-04-30,21.1,18,11.94,9.3,34.5,-106.5,34.5000_-106.5000
2026-05-01,13.1,52,11.96,2.5,34.5,-106.5,34.5000_-106.5000
2026-05-02,19.0,28,9.67,0.0,34.5,-106.5,34.5000_-106.5000
2026-04-26,21.7,13,17.6,0.0,34.5,-105.5,34.5000_-105.5000
2026-04-27,20.2,10,14.82,0.0,34.5,-105.5,34.5000_-105.5000
2026-04-28,20.4,9,12.15,0.0,34.5,-105.5,34.5000_-105.5000
2026-04-29,21.4,10,8.14,0.0,34.5,-105.5,34.5000_-105.5000
2026-04-30,19.6,23,8.91,0.6,34.5,-105.5,34.5000_-105.5000
2026-05-01,16.6,47,8.64,3.3,34.5,-105.5,34.5000_-105.5000
2026-05-02,14.9,41,9.01,0.0,34.5,-105.5,34.5000_-105.5000
2026-04-26,27.1,9,14.51,0.0,34.5,-104.5,34.5000_-104.5000
2026-04-27,25.3,8,14.77,0.0,34.5,-104.5,34.5000_-104.5000
2026-04-28,25.3,7,10.3,0.0,34.5,-104.5,34.5000_-104.5000
2026-04-29,26.1,7,7.42,0.0,34.5,-104.5,34.5000_-104.5000
2026-04-30,24.5,19,7.96,3.3,34.5,-104.5,34.5000_-104.5000
2026-05-01,19.5,54,11.93,12.0,34.5,-104.5,34.5000_-104.5000
2026-05-02,14.5,44,8.77,0.0,34.5,-104.5,34.5000_-104.5000
2026-04-26,14.1,68,7.08,0.0,35.5,-123.5,35.5000_-123.5000
2026-04-27,14.0,64,6.66,0.0,35.5,-123.5,35.5000_-123.5000
2026-04-28,13.4,64,6.96,0.0,35.5,-123.5,35.5000_-123.5000
2026-04-29,13.6,73,8.71,0.0,35.5,-123.5,35.5000_-123.5000
2026-04-30,13.9,77,10.38,0.0,35.5,-123.5,35.5000_-123.5000
2026-05-01,13.9,78,11.28,0.0,35.5,-123.5,35.5000_-123.5000
2026-05-02,13.8,70,11.69,0.0,35.5,-123.5,35.5000_-123.5000
2026-04-26,14.0,72,6.67,0.0,35.5,-122.5,35.5000_-122.5000
2026-04-27,13.6,70,6.4,0.0,35.5,-122.5,35.5000_-122.5000
2026-04-28,13.8,67,8.6,0.0,35.5,-122.5,35.5000_-122.5000
2026-04-29,13.9,77,9.0,0.0,35.5,-122.5,35.5000_-122.5000
2026-04-30,13.8,79,10.32,0.0,35.5,-122.5,35.5000_-122.5000
2026-05-01,13.8,79,10.69,0.0,35.5,-122.5,35.5000_-122.5000
2026-05-02,13.8,75,12.04,0.0,35.5,-122.5,35.5000_-122.5000
2026-04-26,14.3,73,7.0,10.8,35.5,-121.5,35.5000_-121.5000
2026-04-27,14.1,71,7.43,0.7,35.5,-121.5,35.5000_-121.5000
2026-04-28,14.1,73,10.78,0.0,35.5,-121.5,35.5000_-121.5000
2026-04-29,14.6,81,9.28,0.0,35.5,-121.5,35.5000_-121.5000
2026-04-30,14.6,82,12.09,0.0,35.5,-121.5,35.5000_-121.5000
2026-05-01,14.6,82,11.31,0.0,35.5,-121.5,35.5000_-121.5000
2026-05-02,14.1,79,13.48,0.0,35.5,-121.5,35.5000_-121.5000
2026-04-26,14.2,59,6.4,0.4,35.5,-120.5,35.5000_-120.5000
2026-04-27,17.2,44,5.01,0.0,35.5,-120.5,35.5000_-120.5000
2026-04-28,22.3,28,4.11,0.0,35.5,-120.5,35.5000_-120.5000
2026-04-29,24.4,26,6.31,0.0,35.5,-120.5,35.5000_-120.5000
2026-04-30,24.9,19,7.28,0.0,35.5,-120.5,35.5000_-120.5000
2026-05-01,26.2,28,6.04,0.0,35.5,-120.5,35.5000_-120.5000
2026-05-02,24.0,38,6.83,0.0,35.5,-120.5,35.5000_-120.5000
2026-04-26,19.5,33,6.17,1.5,35.5,-119.5,35.5000_-119.5000
2026-04-27,20.9,30,4.88,0.0,35.5,-119.5,35.5000_-119.5000
2026-04-28,25.7,23,4.82,0.0,35.5,-119.5,35.5000_-119.5000
2026-04-29,28.2,22,3.92,0.0,35.5,-119.5,35.5000_-119.5000
2026-04-30,29.1,16,5.71,0.0,35.5,-119.5,35.5000_-119.5000
2026-05-01,31.2,16,4.08,0.0,35.5,-119.5,35.5000_-119.5000
2026-05-02,31.0,17,3.9,0.0,35.5,-119.5,35.5000_-119.5000
2026-04-26,9.7,62,6.14,7.7,35.5,-118.5,35.5000_-118.5000
2026-04-27,10.5,58,5.83,0.0,35.5,-118.5,35.5000_-118.5000
2026-04-28,20.0,21,3.66,0.0,35.5,-118.5,35.5000_-118.5000
2026-04-29,22.5,23,4.01,0.0,35.5,-118.5,35.5000_-118.5000
2026-04-30,19.1,36,4.6,0.0,35.5,-118.5,35.5000_-118.5000
2026-05-01,22.9,34,4.63,0.0,35.5,-118.5,35.5000_-118.5000
2026-05-02,25.0,19,4.46,0.0,35.5,-118.5,35.5000_-118.5000
2026-04-26,18.7,28,13.54,0.0,35.5,-117.5,35.5000_-117.5000
2026-04-27,19.6,24,11.35,0.0,35.5,-117.5,35.5000_-117.5000
2026-04-28,24.4,12,7.82,0.0,35.5,-117.5,35.5000_-117.5000
2026-04-29,26.2,12,6.01,0.0,35.5,-117.5,35.5000_-117.5000
2026-04-30,28.3,12,7.56,0.0,35.5,-117.5,35.5000_-117.5000
2026-05-01,30.7,11,4.34,0.0,35.5,-117.5,35.5000_-117.5000
2026-05-02,30.5,12,7.3,0.0,35.5,-117.5,35.5000_-117.5000
2026-04-26,17.7,23,11.83,0.0,35.5,-116.5,35.5000_-116.5000
2026-04-27,18.0,22,9.2,0.0,35.5,-116.5,35.5000_-116.5000
2026-04-28,22.2,10,7.74,0.0,35.5,-116.5,35.5000_-116.5000
2026-04-29,23.2,11,5.14,0.0,35.5,-116.5,35.5000_-116.5000
2026-04-30,25.7,11,7.85,0.0,35.5,-116.5,35.5000_-116.5000
2026-05-01,28.2,10,4.12,0.0,35.5,-116.5,35.5000_-116.5000
2026-05-02,28.1,11,7.17,0.0,35.5,-116.5,35.5000_-116.5000
2026-04-26,18.4,28,17.08,0.4,35.5,-115.5,35.5000_-115.5000
2026-04-27,16.3,22,16.26,0.0,35.5,-115.5,35.5000_-115.5000
2026-04-28,21.8,12,8.98,0.0,35.5,-115.5,35.5000_-115.5000
2026-04-29,21.9,10,4.92,0.0,35.5,-115.5,35.5000_-115.5000
2026-04-30,23.4,13,4.95,0.0,35.5,-115.5,35.5000_-115.5000
2026-05-01,26.2,14,5.47,0.0,35.5,-115.5,35.5000_-115.5000
2026-05-02,27.0,14,8.04,0.0,35.5,-115.5,35.5000_-115.5000
2026-04-26,20.3,20,11.87,0.0,35.5,-114.5,35.5000_-114.5000
2026-04-27,17.9,22,7.99,0.0,35.5,-114.5,35.5000_-114.5000
2026-04-28,22.6,11,8.52,0.0,35.5,-114.5,35.5000_-114.5000
2026-04-29,23.8,11,8.79,0.0,35.5,-114.5,35.5000_-114.5000
2026-04-30,25.2,13,11.52,0.0,35.5,-114.5,35.5000_-114.5000
2026-05-01,27.0,12,8.88,0.0,35.5,-114.5,35.5000_-114.5000
2026-05-02,27.6,13,7.31,0.0,35.5,-114.5,35.5000_-114.5000
2026-04-26,17.9,19,11.05,2.9,35.5,-113.5,35.5000_-113.5000
2026-04-27,16.3,25,8.63,0.0,35.5,-113.5,35.5000_-113.5000
2026-04-28,20.4,12,9.06,0.0,35.5,-113.5,35.5000_-113.5000
2026-04-29,21.0,12,7.34,0.0,35.5,-113.5,35.5000_-113.5000
2026-04-30,21.5,22,8.41,0.0,35.5,-113.5,35.5000_-113.5000
2026-05-01,24.0,17,7.74,0.0,35.5,-113.5,35.5000_-113.5000
2026-05-02,25.4,14,7.31,0.0,35.5,-113.5,35.5000_-113.5000
2026-04-26,14.3,20,10.94,2.5,35.5,-112.5,35.5000_-112.5000
2026-04-27,14.9,21,8.86,0.0,35.5,-112.5,35.5000_-112.5000
2026-04-28,18.6,12,9.04,0.0,35.5,-112.5,35.5000_-112.5000
2026-04-29,18.4,12,7.05,0.0,35.5,-112.5,35.5000_-112.5000
2026-04-30,17.6,15,9.55,0.0,35.5,-112.5,35.5000_-112.5000
2026-05-01,21.9,16,8.64,0.0,35.5,-112.5,35.5000_-112.5000
2026-05-02,22.9,14,8.47,0.0,35.5,-112.5,35.5000_-112.5000
2026-04-26,15.4,23,14.52,3.3,35.5,-111.5,35.5000_-111.5000
2026-04-27,16.5,16,9.49,0.0,35.5,-111.5,35.5000_-111.5000
2026-04-28,19.9,11,8.39,0.0,35.5,-111.5,35.5000_-111.5000
2026-04-29,19.7,11,6.75,0.0,35.5,-111.5,35.5000_-111.5000
2026-04-30,18.8,13,9.95,0.0,35.5,-111.5,35.5000_-111.5000
2026-05-01,22.2,11,10.26,0.0,35.5,-111.5,35.5000_-111.5000
2026-05-02,22.2,11,10.0,0.0,35.5,-111.5,35.5000_-111.5000
2026-04-26,15.5,26,11.5,0.0,35.5,-110.5,35.5000_-110.5000
2026-04-27,17.2,17,10.38,0.0,35.5,-110.5,35.5000_-110.5000
2026-04-28,17.6,14,10.48,0.0,35.5,-110.5,35.5000_-110.5000
2026-04-29,19.7,11,7.38,0.0,35.5,-110.5,35.5000_-110.5000
2026-04-30,16.0,31,8.34,0.0,35.5,-110.5,35.5000_-110.5000
2026-05-01,22.3,12,8.43,0.0,35.5,-110.5,35.5000_-110.5000
2026-05-02,22.4,10,8.12,0.0,35.5,-110.5,35.5000_-110.5000
2026-04-26,13.4,26,12.35,0.0,35.5,-109.5,35.5000_-109.5000
2026-04-27,15.6,16,10.85,0.0,35.5,-109.5,35.5000_-109.5000
2026-04-28,16.7,13,10.83,0.0,35.5,-109.5,35.5000_-109.5000
2026-04-29,18.9,9,8.96,0.0,35.5,-109.5,35.5000_-109.5000
2026-04-30,12.9,36,6.91,0.8,35.5,-109.5,35.5000_-109.5000
2026-05-01,18.9,16,8.69,1.7,35.5,-109.5,35.5000_-109.5000
2026-05-02,19.3,15,8.54,0.0,35.5,-109.5,35.5000_-109.5000
2026-04-26,13.8,25,13.39,0.0,35.5,-108.5,35.5000_-108.5000
2026-04-27,16.0,16,12.42,0.0,35.5,-108.5,35.5000_-108.5000
2026-04-28,16.5,13,10.35,0.0,35.5,-108.5,35.5000_-108.5000
2026-04-29,18.6,11,8.02,0.0,35.5,-108.5,35.5000_-108.5000
2026-04-30,15.5,22,7.14,2.9,35.5,-108.5,35.5000_-108.5000
2026-05-01,17.9,19,8.38,3.6,35.5,-108.5,35.5000_-108.5000
2026-05-02,18.0,20,5.78,0.0,35.5,-108.5,35.5000_-108.5000
2026-04-26,16.0,21,14.51,0.0,35.5,-107.5,35.5000_-107.5000
2026-04-27,17.8,11,11.24,0.0,35.5,-107.5,35.5000_-107.5000
2026-04-28,17.6,11,10.21,0.0,35.5,-107.5,35.5000_-107.5000
2026-04-29,20.6,9,8.17,0.0,35.5,-107.5,35.5000_-107.5000
2026-04-30,18.4,15,9.01,2.4,35.5,-107.5,35.5000_-107.5000
2026-05-01,18.0,21,7.43,5.5,35.5,-107.5,35.5000_-107.5000
2026-05-02,17.7,21,9.4,0.0,35.5,-107.5,35.5000_-107.5000
2026-04-26,20.6,14,14.49,0.0,35.5,-106.5,35.5000_-106.5000
2026-04-27,19.8,9,13.42,0.0,35.5,-106.5,35.5000_-106.5000
2026-04-28,19.4,9,10.58,0.0,35.5,-106.5,35.5000_-106.5000
2026-04-29,21.9,9,8.51,0.0,35.5,-106.5,35.5000_-106.5000
2026-04-30,21.6,9,11.29,3.1,35.5,-106.5,35.5000_-106.5000
2026-05-01,14.3,49,5.39,7.9,35.5,-106.5,35.5000_-106.5000
2026-05-02,18.5,24,10.07,0.2,35.5,-106.5,35.5000_-106.5000
2026-04-26,17.6,14,16.68,0.0,35.5,-105.5,35.5000_-105.5000
2026-04-27,15.3,12,13.4,0.0,35.5,-105.5,35.5000_-105.5000
2026-04-28,16.6,11,12.81,0.0,35.5,-105.5,35.5000_-105.5000
2026-04-29,19.6,9,10.42,0.0,35.5,-105.5,35.5000_-105.5000
2026-04-30,17.1,11,10.04,2.5,35.5,-105.5,35.5000_-105.5000
2026-05-01,8.8,66,7.57,6.1,35.5,-105.5,35.5000_-105.5000
2026-05-02,10.3,52,5.83,0.6,35.5,-105.5,35.5000_-105.5000
2026-04-26,25.2,10,15.85,0.0,35.5,-104.5,35.5000_-104.5000
2026-04-27,23.3,8,14.73,0.0,35.5,-104.5,35.5000_-104.5000
2026-04-28,24.8,7,11.1,0.0,35.5,-104.5,35.5000_-104.5000
2026-04-29,24.3,9,11.57,0.0,35.5,-104.5,35.5000_-104.5000
2026-04-30,24.2,11,8.61,0.8,35.5,-104.5,35.5000_-104.5000
2026-05-01,15.2,68,10.02,16.2,35.5,-104.5,35.5000_-104.5000
2026-05-02,11.7,58,6.09,0.0,35.5,-104.5,35.5000_-104.5000
2026-04-26,13.6,71,8.1,0.4,36.5,-123.5,36.5000_-123.5000
2026-04-27,13.2,68,8.04,0.0,36.5,-123.5,36.5000_-123.5000
2026-04-28,13.2,66,7.75,0.1,36.5,-123.5,36.5000_-123.5000
2026-04-29,13.2,79,9.26,0.0,36.5,-123.5,36.5000_-123.5000
2026-04-30,13.4,79,10.75,0.0,36.5,-123.5,36.5000_-123.5000
2026-05-01,13.6,81,11.63,0.0,36.5,-123.5,36.5000_-123.5000
2026-05-02,13.2,68,12.04,0.0,36.5,-123.5,36.5000_-123.5000
2026-04-26,13.9,70,7.27,0.0,36.5,-122.5,36.5000_-122.5000
2026-04-27,13.6,68,6.84,0.0,36.5,-122.5,36.5000_-122.5000
2026-04-28,13.6,69,8.18,0.0,36.5,-122.5,36.5000_-122.5000
2026-04-29,13.9,80,9.41,0.0,36.5,-122.5,36.5000_-122.5000
2026-04-30,13.9,79,9.9,0.0,36.5,-122.5,36.5000_-122.5000
2026-05-01,13.6,79,10.51,0.0,36.5,-122.5,36.5000_-122.5000
2026-05-02,13.6,73,12.16,0.0,36.5,-122.5,36.5000_-122.5000
2026-04-26,15.5,59,5.5,0.7,36.5,-121.5,36.5000_-121.5000
2026-04-27,16.6,54,5.77,0.4,36.5,-121.5,36.5000_-121.5000
2026-04-28,23.0,37,6.11,0.0,36.5,-121.5,36.5000_-121.5000
2026-04-29,24.2,40,5.95,0.0,36.5,-121.5,36.5000_-121.5000
2026-04-30,21.7,42,5.94,0.0,36.5,-121.5,36.5000_-121.5000
2026-05-01,26.5,33,5.66,0.0,36.5,-121.5,36.5000_-121.5000
2026-05-02,21.5,50,5.73,0.0,36.5,-121.5,36.5000_-121.5000
2026-04-26,14.0,54,4.84,1.2,36.5,-120.5,36.5000_-120.5000
2026-04-27,17.4,40,4.78,0.4,36.5,-120.5,36.5000_-120.5000
2026-04-28,21.5,32,3.67,0.0,36.5,-120.5,36.5000_-120.5000
2026-04-29,24.7,26,4.02,0.0,36.5,-120.5,36.5000_-120.5000
2026-04-30,25.9,22,4.39,0.0,36.5,-120.5,36.5000_-120.5000
2026-05-01,27.4,23,4.1,0.0,36.5,-120.5,36.5000_-120.5000
2026-05-02,27.3,25,3.86,0.0,36.5,-120.5,36.5000_-120.5000
2026-04-26,19.1,46,4.52,9.5,36.5,-119.5,36.5000_-119.5000
2026-04-27,20.4,32,4.3,1.8,36.5,-119.5,36.5000_-119.5000
2026-04-28,23.8,31,4.03,0.0,36.5,-119.5,36.5000_-119.5000
2026-04-29,27.0,26,3.32,0.0,36.5,-119.5,36.5000_-119.5000
2026-04-30,27.4,25,4.76,0.0,36.5,-119.5,36.5000_-119.5000
2026-05-01,29.6,22,4.86,0.0,36.5,-119.5,36.5000_-119.5000
2026-05-02,29.3,22,3.11,0.0,36.5,-119.5,36.5000_-119.5000
2026-04-26,1.5,67,5.69,0.8,36.5,-118.5,36.5000_-118.5000
2026-04-27,0.9,57,5.83,0.08,36.5,-118.5,36.5000_-118.5000
2026-04-28,6.2,44,3.48,0.4,36.5,-118.5,36.5000_-118.5000
2026-04-29,8.5,33,3.01,1.3,36.5,-118.5,36.5000_-118.5000
2026-04-30,9.2,42,2.95,1.1,36.5,-118.5,36.5000_-118.5000
2026-05-01,12.2,41,2.84,0.5,36.5,-118.5,36.5000_-118.5000
2026-05-02,12.1,31,4.18,0.5,36.5,-118.5,36.5000_-118.5000
2026-04-26,17.4,26,11.32,0.0,36.5,-117.5,36.5000_-117.5000
2026-04-27,15.3,27,9.46,0.08,36.5,-117.5,36.5000_-117.5000
2026-04-28,19.2,16,5.74,0.0,36.5,-117.5,36.5000_-117.5000
2026-04-29,21.6,12,4.99,0.0,36.5,-117.5,36.5000_-117.5000
2026-04-30,22.8,13,4.34,0.0,36.5,-117.5,36.5000_-117.5000
2026-05-01,25.3,13,4.3,0.0,36.5,-117.5,36.5000_-117.5000
2026-05-02,25.3,13,10.42,0.0,36.5,-117.5,36.5000_-117.5000
2026-04-26,25.2,15,10.34,0.4,36.5,-116.5,36.5000_-116.5000
2026-04-27,21.0,22,8.06,0.0,36.5,-116.5,36.5000_-116.5000
2026-04-28,25.1,11,5.82,0.0,36.5,-116.5,36.5000_-116.5000
2026-04-29,27.5,9,7.07,0.0,36.5,-116.5,36.5000_-116.5000
2026-04-30,28.8,9,7.34,0.0,36.5,-116.5,36.5000_-116.5000
2026-05-01,31.0,10,6.41,0.0,36.5,-116.5,36.5000_-116.5000
2026-05-02,31.3,10,8.91,0.0,36.5,-116.5,36.5000_-116.5000
2026-04-26,22.3,19,8.29,0.0,36.5,-115.5,36.5000_-115.5000
2026-04-27,18.1,27,4.83,0.03,36.5,-115.5,36.5000_-115.5000
2026-04-28,22.4,17,5.87,0.0,36.5,-115.5,36.5000_-115.5000
2026-04-29,24.1,12,7.32,0.0,36.5,-115.5,36.5000_-115.5000
2026-04-30,26.1,12,5.52,0.0,36.5,-115.5,36.5000_-115.5000
2026-05-01,27.7,11,4.92,0.0,36.5,-115.5,36.5000_-115.5000
2026-05-02,28.8,11,8.44,0.0,36.5,-115.5,36.5000_-115.5000
2026-04-26,24.6,20,11.01,0.0,36.5,-114.5,36.5000_-114.5000
2026-04-27,23.3,16,7.81,0.0,36.5,-114.5,36.5000_-114.5000
2026-04-28,25.5,14,6.27,0.0,36.5,-114.5,36.5000_-114.5000
2026-04-29,28.2,8,4.0,0.0,36.5,-114.5,36.5000_-114.5000
2026-04-30,30.4,8,9.54,0.0,36.5,-114.5,36.5000_-114.5000
2026-05-01,31.8,9,4.36,0.0,36.5,-114.5,36.5000_-114.5000
2026-05-02,32.9,9,5.69,0.0,36.5,-114.5,36.5000_-114.5000
2026-04-26,13.0,32,11.07,0.4,36.5,-113.5,36.5000_-113.5000
2026-04-27,13.5,29,9.3,0.0,36.5,-113.5,36.5000_-113.5000
2026-04-28,17.0,17,12.18,0.0,36.5,-113.5,36.5000_-113.5000
2026-04-29,19.4,14,6.99,0.0,36.5,-113.5,36.5000_-113.5000
2026-04-30,20.0,15,7.8,0.0,36.5,-113.5,36.5000_-113.5000
2026-05-01,20.8,17,6.38,0.0,36.5,-113.5,36.5000_-113.5000
2026-05-02,23.1,15,5.82,0.0,36.5,-113.5,36.5000_-113.5000
2026-04-26,10.5,31,10.76,2.2,36.5,-112.5,36.5000_-112.5000
2026-04-27,13.3,22,10.16,0.0,36.5,-112.5,36.5000_-112.5000
2026-04-28,15.5,17,8.91,0.0,36.5,-112.5,36.5000_-112.5000
2026-04-29,17.0,11,3.47,0.0,36.5,-112.5,36.5000_-112.5000
2026-04-30,17.4,11,6.75,0.0,36.5,-112.5,36.5000_-112.5000
2026-05-01,19.7,15,8.82,0.0,36.5,-112.5,36.5000_-112.5000
2026-05-02,21.8,13,6.04,0.0,36.5,-112.5,36.5000_-112.5000
2026-04-26,13.5,28,11.36,1.4,36.5,-111.5,36.5000_-111.5000
2026-04-27,14.3,19,8.8,0.0,36.5,-111.5,36.5000_-111.5000
2026-04-28,16.1,14,10.77,0.0,36.5,-111.5,36.5000_-111.5000
2026-04-29,17.0,12,5.12,0.0,36.5,-111.5,36.5000_-111.5000
2026-04-30,17.4,12,8.05,0.0,36.5,-111.5,36.5000_-111.5000
2026-05-01,19.6,14,9.35,0.0,36.5,-111.5,36.5000_-111.5000
2026-05-02,20.1,11,8.82,0.0,36.5,-111.5,36.5000_-111.5000
2026-04-26,13.0,29,12.11,8.3,36.5,-110.5,36.5000_-110.5000
2026-04-27,13.2,19,11.58,0.0,36.5,-110.5,36.5000_-110.5000
2026-04-28,13.9,15,10.29,0.0,36.5,-110.5,36.5000_-110.5000
2026-04-29,15.6,15,5.33,0.0,36.5,-110.5,36.5000_-110.5000
2026-04-30,14.7,14,8.7,0.0,36.5,-110.5,36.5000_-110.5000
2026-05-01,16.8,17,6.11,0.0,36.5,-110.5,36.5000_-110.5000
2026-05-02,18.3,17,5.52,0.0,36.5,-110.5,36.5000_-110.5000
2026-04-26,18.5,22,13.2,0.4,36.5,-109.5,36.5000_-109.5000
2026-04-27,17.9,15,9.48,0.0,36.5,-109.5,36.5000_-109.5000
2026-04-28,18.9,14,10.9,0.0,36.5,-109.5,36.5000_-109.5000
2026-04-29,21.6,10,5.54,0.0,36.5,-109.5,36.5000_-109.5000
2026-04-30,20.7,11,11.23,0.0,36.5,-109.5,36.5000_-109.5000
2026-05-01,20.5,16,8.58,0.0,36.5,-109.5,36.5000_-109.5000
2026-05-02,21.2,16,6.66,0.0,36.5,-109.5,36.5000_-109.5000
2026-04-26,20.3,17,12.93,0.0,36.5,-108.5,36.5000_-108.5000
2026-04-27,19.0,12,10.6,0.0,36.5,-108.5,36.5000_-108.5000
2026-04-28,18.8,12,9.95,0.0,36.5,-108.5,36.5000_-108.5000
2026-04-29,22.2,10,6.75,0.0,36.5,-108.5,36.5000_-108.5000
2026-04-30,21.8,11,9.21,0.0,36.5,-108.5,36.5000_-108.5000
2026-05-01,21.7,15,8.82,0.0,36.5,-108.5,36.5000_-108.5000
2026-05-02,22.1,15,9.83,0.0,36.5,-108.5,36.5000_-108.5000
2026-04-26,17.9,16,13.96,0.0,36.5,-107.5,36.5000_-107.5000
2026-04-27,16.2,14,10.98,0.0,36.5,-107.5,36.5000_-107.5000
2026-04-28,15.9,14,9.83,0.0,36.5,-107.5,36.5000_-107.5000
2026-04-29,19.5,11,7.56,0.0,36.5,-107.5,36.5000_-107.5000
2026-04-30,18.7,11,9.42,0.3,36.5,-107.5,36.5000_-107.5000
2026-05-01,17.9,24,6.36,5.8,36.5,-107.5,36.5000_-107.5000
2026-05-02,17.9,21,8.86,0.0,36.5,-107.5,36.5000_-107.5000
2026-04-26,15.5,17,13.9,0.4,36.5,-106.5,36.5000_-106.5000
2026-04-27,13.8,17,12.8,0.0,36.5,-106.5,36.5000_-106.5000
2026-04-28,13.9,17,9.04,0.0,36.5,-106.5,36.5000_-106.5000
2026-04-29,17.5,13,7.52,0.0,36.5,-106.5,36.5000_-106.5000
2026-04-30,16.2,15,5.31,1.0,36.5,-106.5,36.5000_-106.5000
2026-05-01,12.1,50,3.31,8.1,36.5,-106.5,36.5000_-106.5000
2026-05-02,13.6,39,3.89,1.4,36.5,-106.5,36.5000_-106.5000
2026-04-26,7.0,29,11.94,0.0,36.5,-105.5,36.5000_-105.5000
2026-04-27,5.9,22,11.81,0.0,36.5,-105.5,36.5000_-105.5000
2026-04-28,8.5,16,7.29,0.0,36.5,-105.5,36.5000_-105.5000
2026-04-29,10.5,14,5.82,0.0,36.5,-105.5,36.5000_-105.5000
2026-04-30,10.4,16,3.3,1.4,36.5,-105.5,36.5000_-105.5000
2026-05-01,5.2,59,4.13,7.2,36.5,-105.5,36.5000_-105.5000
2026-05-02,3.9,63,3.49,3.3,36.5,-105.5,36.5000_-105.5000
2026-04-26,21.0,11,15.71,0.0,36.5,-104.5,36.5000_-104.5000
2026-04-27,20.5,10,11.72,0.0,36.5,-104.5,36.5000_-104.5000
2026-04-28,21.9,9,8.65,0.0,36.5,-104.5,36.5000_-104.5000
2026-04-29,21.7,9,9.1,0.0,36.5,-104.5,36.5000_-104.5000
2026-04-30,19.5,18,9.56,0.0,36.5,-104.5,36.5000_-104.5000
2026-05-01,18.0,36,6.84,19.2,36.5,-104.5,36.5000_-104.5000
2026-05-02,8.1,66,5.73,0.3,36.5,-104.5,36.5000_-104.5000
2026-04-26,13.4,71,8.1,0.0,37.5,-123.5,37.5000_-123.5000
2026-04-27,13.0,65,8.39,0.0,37.5,-123.5,37.5000_-123.5000
2026-04-28,12.9,73,8.47,0.0,37.5,-123.5,37.5000_-123.5000
2026-04-29,13.1,78,9.7,0.0,37.5,-123.5,37.5000_-123.5000
2026-04-30,13.1,82,11.22,0.0,37.5,-123.5,37.5000_-123.5000
2026-05-01,13.2,82,13.18,0.0,37.5,-123.5,37.5000_-123.5000
2026-05-02,12.9,71,13.79,0.0,37.5,-123.5,37.5000_-123.5000
2026-04-26,14.0,68,5.46,0.7,37.5,-122.5,37.5000_-122.5000
2026-04-27,14.2,70,4.96,0.03,37.5,-122.5,37.5000_-122.5000
2026-04-28,20.5,45,4.79,0.0,37.5,-122.5,37.5000_-122.5000
2026-04-29,21.0,43,4.62,0.0,37.5,-122.5,37.5000_-122.5000
2026-04-30,16.8,62,5.08,0.0,37.5,-122.5,37.5000_-122.5000
2026-05-01,20.3,56,5.28,0.0,37.5,-122.5,37.5000_-122.5000
2026-05-02,15.0,62,6.54,0.0,37.5,-122.5,37.5000_-122.5000
2026-04-26,10.1,62,6.01,0.0,37.5,-121.5,37.5000_-121.5000
2026-04-27,11.9,57,5.71,0.0,37.5,-121.5,37.5000_-121.5000
2026-04-28,18.1,39,3.34,0.0,37.5,-121.5,37.5000_-121.5000
2026-04-29,20.1,34,4.17,0.0,37.5,-121.5,37.5000_-121.5000
2026-04-30,21.5,34,4.28,0.0,37.5,-121.5,37.5000_-121.5000
2026-05-01,23.2,29,4.15,0.0,37.5,-121.5,37.5000_-121.5000
2026-05-02,22.4,32,3.32,0.0,37.5,-121.5,37.5000_-121.5000
2026-04-26,15.6,62,4.74,1.6,37.5,-120.5,37.5000_-120.5000
2026-04-27,19.9,36,4.12,0.4,37.5,-120.5,37.5000_-120.5000
2026-04-28,23.9,33,3.4,0.0,37.5,-120.5,37.5000_-120.5000
2026-04-29,25.8,30,4.53,0.0,37.5,-120.5,37.5000_-120.5000
2026-04-30,26.4,30,4.61,0.0,37.5,-120.5,37.5000_-120.5000
2026-05-01,28.6,27,4.44,0.0,37.5,-120.5,37.5000_-120.5000
2026-05-02,28.0,29,4.39,0.0,37.5,-120.5,37.5000_-120.5000
2026-04-26,0.8,96,3.49,8.2,37.5,-119.5,37.5000_-119.5000
2026-04-27,-0.3,93,3.76,10.68,37.5,-119.5,37.5000_-119.5000
2026-04-28,7.5,53,3.22,0.33,37.5,-119.5,37.5000_-119.5000
2026-04-29,11.3,41,3.85,1.1,37.5,-119.5,37.5000_-119.5000
2026-04-30,11.1,49,3.72,2.3,37.5,-119.5,37.5000_-119.5000
2026-05-01,13.7,42,4.16,0.6,37.5,-119.5,37.5000_-119.5000
2026-05-02,14.1,33,4.69,0.7,37.5,-119.5,37.5000_-119.5000
2026-04-26,13.9,34,5.58,10.1,37.5,-118.5,37.5000_-118.5000
2026-04-27,13.6,31,9.26,0.0,37.5,-118.5,37.5000_-118.5000
2026-04-28,18.4,21,8.4,0.0,37.5,-118.5,37.5000_-118.5000
2026-04-29,20.7,14,5.86,0.0,37.5,-118.5,37.5000_-118.5000
2026-04-30,22.9,14,5.79,0.0,37.5,-118.5,37.5000_-118.5000
2026-05-01,23.9,14,6.39,0.0,37.5,-118.5,37.5000_-118.5000
2026-05-02,24.0,14,10.67,0.0,37.5,-118.5,37.5000_-118.5000
2026-04-26,10.9,33,11.65,7.6,37.5,-117.5,37.5000_-117.5000
2026-04-27,6.9,50,7.42,2.75,37.5,-117.5,37.5000_-117.5000
2026-04-28,11.9,25,5.46,0.0,37.5,-117.5,37.5000_-117.5000
2026-04-29,15.2,18,3.8,0.0,37.5,-117.5,37.5000_-117.5000
2026-04-30,17.3,17,8.16,0.0,37.5,-117.5,37.5000_-117.5000
2026-05-01,18.3,17,9.08,0.0,37.5,-117.5,37.5000_-117.5000
2026-05-02,18.5,17,10.48,0.0,37.5,-117.5,37.5000_-117.5000
2026-04-26,16.1,25,8.26,4.6,37.5,-116.5,37.5000_-116.5000
2026-04-27,12.2,41,6.32,0.0,37.5,-116.5,37.5000_-116.5000
2026-04-28,17.2,21,6.56,0.0,37.5,-116.5,37.5000_-116.5000
2026-04-29,20.4,16,5.39,0.0,37.5,-116.5,37.5000_-116.5000
2026-04-30,21.0,16,6.27,0.0,37.5,-116.5,37.5000_-116.5000
2026-05-01,21.9,15,6.44,0.0,37.5,-116.5,37.5000_-116.5000
2026-05-02,23.8,15,9.6,0.0,37.5,-116.5,37.5000_-116.5000
2026-04-26,16.4,26,10.26,7.0,37.5,-115.5,37.5000_-115.5000
2026-04-27,13.5,36,4.81,0.9,37.5,-115.5,37.5000_-115.5000
2026-04-28,16.3,26,5.14,0.45,37.5,-115.5,37.5000_-115.5000
2026-04-29,19.8,18,3.84,0.0,37.5,-115.5,37.5000_-115.5000
2026-04-30,21.6,17,5.03,0.0,37.5,-115.5,37.5000_-115.5000
2026-05-01,22.4,16,7.5,0.0,37.5,-115.5,37.5000_-115.5000
2026-05-02,23.9,15,4.39,0.0,37.5,-115.5,37.5000_-115.5000
2026-04-26,11.3,40,12.16,10.9,37.5,-114.5,37.5000_-114.5000
2026-04-27,8.4,52,8.13,3.88,37.5,-114.5,37.5000_-114.5000
2026-04-28,14.4,22,3.68,0.88,37.5,-114.5,37.5000_-114.5000
2026-04-29,17.5,16,5.82,0.0,37.5,-114.5,37.5000_-114.5000
2026-04-30,19.2,16,7.3,0.0,37.5,-114.5,37.5000_-114.5000
2026-05-01,19.2,16,6.41,0.0,37.5,-114.5,37.5000_-114.5000
2026-05-02,21.4,16,5.95,0.0,37.5,-114.5,37.5000_-114.5000
2026-04-26,11.2,33,9.58,2.2,37.5,-113.5,37.5000_-113.5000
2026-04-27,9.8,32,8.58,0.4,37.5,-113.5,37.5000_-113.5000
2026-04-28,13.7,25,8.05,2.55,37.5,-113.5,37.5000_-113.5000
2026-04-29,16.6,20,5.75,0.0,37.5,-113.5,37.5000_-113.5000
2026-04-30,17.3,20,6.46,0.0,37.5,-113.5,37.5000_-113.5000
2026-05-01,18.3,17,6.73,0.0,37.5,-113.5,37.5000_-113.5000
2026-05-02,20.3,17,3.66,0.0,37.5,-113.5,37.5000_-113.5000
2026-04-26,11.7,26,10.28,9.8,37.5,-112.5,37.5000_-112.5000
2026-04-27,8.5,43,9.16,0.0,37.5,-112.5,37.5000_-112.5000
2026-04-28,13.0,29,9.74,0.0,37.5,-112.5,37.5000_-112.5000
2026-04-29,15.3,22,6.13,0.0,37.5,-112.5,37.5000_-112.5000
2026-04-30,13.9,23,5.66,0.2,37.5,-112.5,37.5000_-112.5000
2026-05-01,15.9,22,9.1,0.1,37.5,-112.5,37.5000_-112.5000
2026-05-02,18.4,19,8.14,0.0,37.5,-112.5,37.5000_-112.5000
2026-04-26,15.9,20,11.33,10.1,37.5,-111.5,37.5000_-111.5000
2026-04-27,14.0,18,9.78,0.0,37.5,-111.5,37.5000_-111.5000
2026-04-28,16.4,17,11.98,0.0,37.5,-111.5,37.5000_-111.5000
2026-04-29,18.1,14,7.0,0.0,37.5,-111.5,37.5000_-111.5000
2026-04-30,17.7,14,9.61,0.0,37.5,-111.5,37.5000_-111.5000
2026-05-01,20.1,13,6.62,0.0,37.5,-111.5,37.5000_-111.5000
2026-05-02,20.0,13,9.44,0.0,37.5,-111.5,37.5000_-111.5000
2026-04-26,20.5,14,11.14,2.3,37.5,-110.5,37.5000_-110.5000
2026-04-27,17.7,18,9.83,0.0,37.5,-110.5,37.5000_-110.5000
2026-04-28,17.7,15,9.41,0.0,37.5,-110.5,37.5000_-110.5000
2026-04-29,20.3,13,3.52,0.0,37.5,-110.5,37.5000_-110.5000
2026-04-30,20.8,12,5.12,0.0,37.5,-110.5,37.5000_-110.5000
2026-05-01,22.4,12,4.91,0.0,37.5,-110.5,37.5000_-110.5000
2026-05-02,22.7,12,8.32,0.0,37.5,-110.5,37.5000_-110.5000
2026-04-26,20.2,16,10.35,10.1,37.5,-109.5,37.5000_-109.5000
2026-04-27,16.1,20,13.48,0.4,37.5,-109.5,37.5000_-109.5000
2026-04-28,18.2,16,8.1,0.0,37.5,-109.5,37.5000_-109.5000
2026-04-29,19.5,14,6.96,0.0,37.5,-109.5,37.5000_-109.5000
2026-04-30,19.3,14,8.32,0.0,37.5,-109.5,37.5000_-109.5000
2026-05-01,21.0,17,8.84,0.0,37.5,-109.5,37.5000_-109.5000
2026-05-02,21.5,17,6.02,0.0,37.5,-109.5,37.5000_-109.5000
2026-04-26,14.0,21,9.91,6.5,37.5,-108.5,37.5000_-108.5000
2026-04-27,10.2,33,7.21,1.1,37.5,-108.5,37.5000_-108.5000
2026-04-28,12.2,29,6.38,0.0,37.5,-108.5,37.5000_-108.5000
2026-04-29,14.7,22,5.24,0.0,37.5,-108.5,37.5000_-108.5000
2026-04-30,13.7,22,6.59,0.3,37.5,-108.5,37.5000_-108.5000
2026-05-01,15.5,27,8.19,0.0,37.5,-108.5,37.5000_-108.5000
2026-05-02,16.4,27,8.32,0.0,37.5,-108.5,37.5000_-108.5000
2026-04-26,3.9,40,12.23,29.9,37.5,-107.5,37.5000_-107.5000
2026-04-27,-0.8,67,8.89,5.4,37.5,-107.5,37.5000_-107.5000
2026-04-28,1.1,72,3.78,0.45,37.5,-107.5,37.5000_-107.5000
2026-04-29,4.2,57,4.21,0.0,37.5,-107.5,37.5000_-107.5000
2026-04-30,4.3,62,3.18,0.7,37.5,-107.5,37.5000_-107.5000
2026-05-01,3.7,69,3.83,2.9,37.5,-107.5,37.5000_-107.5000
2026-05-02,4.9,57,3.23,1.6,37.5,-107.5,37.5000_-107.5000
2026-04-26,5.9,28,10.16,28.9,37.5,-106.5,37.5000_-106.5000
2026-04-27,1.8,52,10.45,1.9,37.5,-106.5,37.5000_-106.5000
2026-04-28,4.4,42,6.94,0.0,37.5,-106.5,37.5000_-106.5000
2026-04-29,6.5,32,5.46,0.0,37.5,-106.5,37.5000_-106.5000
2026-04-30,6.7,40,4.94,1.4,37.5,-106.5,37.5000_-106.5000
2026-05-01,4.8,61,2.91,10.2,37.5,-106.5,37.5000_-106.5000
2026-05-02,2.5,90,2.0,7.5,37.5,-106.5,37.5000_-106.5000
2026-04-26,14.7,15,15.97,0.0,37.5,-105.5,37.5000_-105.5000
2026-04-27,12.9,20,13.5,0.0,37.5,-105.5,37.5000_-105.5000
2026-04-28,13.9,16,7.58,0.0,37.5,-105.5,37.5000_-105.5000
2026-04-29,15.9,15,7.01,0.0,37.5,-105.5,37.5000_-105.5000
2026-04-30,14.8,19,6.31,0.7,37.5,-105.5,37.5000_-105.5000
2026-05-01,7.2,59,5.05,4.4,37.5,-105.5,37.5000_-105.5000
2026-05-02,6.6,77,5.28,3.0,37.5,-105.5,37.5000_-105.5000
2026-04-26,19.3,13,14.6,0.0,37.5,-104.5,37.5000_-104.5000
2026-04-27,20.0,14,14.17,0.0,37.5,-104.5,37.5000_-104.5000
2026-04-28,20.4,11,11.71,0.0,37.5,-104.5,37.5000_-104.5000
2026-04-29,20.6,12,8.77,0.0,37.5,-104.5,37.5000_-104.5000
2026-04-30,19.3,17,8.39,0.2,37.5,-104.5,37.5000_-104.5000
2026-05-01,12.0,60,8.37,17.4,37.5,-104.5,37.5000_-104.5000
2026-05-02,6.2,78,3.0,3.1,37.5,-104.5,37.5000_-104.5000
2026-04-26,12.6,68,10.17,0.4,38.5,-123.5,38.5000_-123.5000
2026-04-27,11.8,78,8.98,0.0,38.5,-123.5,38.5000_-123.5000
2026-04-28,11.8,75,11.4,0.0,38.5,-123.5,38.5000_-123.5000
2026-04-29,12.1,69,11.34,0.0,38.5,-123.5,38.5000_-123.5000
2026-04-30,12.1,88,13.51,0.0,38.5,-123.5,38.5000_-123.5000
2026-05-01,12.4,86,16.62,0.0,38.5,-123.5,38.5000_-123.5000
2026-05-02,11.9,80,16.48,0.0,38.5,-123.5,38.5000_-123.5000
2026-04-26,14.3,60,5.71,0.0,38.5,-122.5,38.5000_-122.5000
2026-04-27,17.1,55,5.77,0.0,38.5,-122.5,38.5000_-122.5000
2026-04-28,21.8,40,3.79,0.0,38.5,-122.5,38.5000_-122.5000
2026-04-29,23.9,38,4.94,0.0,38.5,-122.5,38.5000_-122.5000
2026-04-30,24.0,42,3.72,0.0,38.5,-122.5,38.5000_-122.5000
2026-05-01,25.5,42,2.73,0.0,38.5,-122.5,38.5000_-122.5000
2026-05-02,24.1,38,2.68,0.0,38.5,-122.5,38.5000_-122.5000
2026-04-26,16.4,60,4.85,0.0,38.5,-121.5,38.5000_-121.5000
2026-04-27,19.8,42,4.06,0.0,38.5,-121.5,38.5000_-121.5000
2026-04-28,22.4,40,4.27,0.0,38.5,-121.5,38.5000_-121.5000
2026-04-29,25.0,33,3.26,0.0,38.5,-121.5,38.5000_-121.5000
2026-04-30,25.6,33,4.55,0.0,38.5,-121.5,38.5000_-121.5000
2026-05-01,28.1,39,5.78,0.0,38.5,-121.5,38.5000_-121.5000
2026-05-02,27.5,35,6.37,0.0,38.5,-121.5,38.5000_-121.5000
2026-04-26,6.6,89,4.94,14.9,38.5,-120.5,38.5000_-120.5000
2026-04-27,7.4,81,3.75,7.33,38.5,-120.5,38.5000_-120.5000
2026-04-28,16.2,38,4.49,0.0,38.5,-120.5,38.5000_-120.5000
2026-04-29,18.7,41,4.54,0.0,38.5,-120.5,38.5000_-120.5000
2026-04-30,18.5,44,3.71,0.0,38.5,-120.5,38.5000_-120.5000
2026-05-01,21.2,37,3.86,0.0,38.5,-120.5,38.5000_-120.5000
2026-05-02,20.0,40,4.05,0.0,38.5,-120.5,38.5000_-120.5000
2026-04-26,10.6,43,11.45,6.4,38.5,-119.5,38.5000_-119.5000
2026-04-27,9.0,31,11.23,0.05,38.5,-119.5,38.5000_-119.5000
2026-04-28,15.3,27,3.45,0.18,38.5,-119.5,38.5000_-119.5000
2026-04-29,17.3,26,3.51,0.2,38.5,-119.5,38.5000_-119.5000
2026-04-30,18.5,24,4.4,0.4,38.5,-119.5,38.5000_-119.5000
2026-05-01,21.5,23,3.59,0.3,38.5,-119.5,38.5000_-119.5000
2026-05-02,21.1,23,6.54,0.0,38.5,-119.5,38.5000_-119.5000
2026-04-26,14.4,28,6.53,0.0,38.5,-118.5,38.5000_-118.5000
2026-04-27,13.2,21,6.57,0.0,38.5,-118.5,38.5000_-118.5000
2026-04-28,17.2,21,6.53,0.0,38.5,-118.5,38.5000_-118.5000
2026-04-29,20.2,18,5.83,0.0,38.5,-118.5,38.5000_-118.5000
2026-04-30,20.3,17,6.77,0.0,38.5,-118.5,38.5000_-118.5000
2026-05-01,22.0,17,6.57,0.0,38.5,-118.5,38.5000_-118.5000
2026-05-02,24.5,13,6.94,0.0,38.5,-118.5,38.5000_-118.5000
2026-04-26,15.2,24,9.97,1.8,38.5,-117.5,38.5000_-117.5000
2026-04-27,11.1,34,8.99,8.3,38.5,-117.5,38.5000_-117.5000
2026-04-28,15.5,22,7.63,0.0,38.5,-117.5,38.5000_-117.5000
2026-04-29,18.8,15,4.74,0.0,38.5,-117.5,38.5000_-117.5000
2026-04-30,20.4,14,9.22,0.0,38.5,-117.5,38.5000_-117.5000
2026-05-01,21.8,15,9.4,0.0,38.5,-117.5,38.5000_-117.5000
2026-05-02,23.1,15,10.5,0.0,38.5,-117.5,38.5000_-117.5000
2026-04-26,12.7,27,6.87,6.2,38.5,-116.5,38.5000_-116.5000
2026-04-27,10.8,33,8.05,18.5,38.5,-116.5,38.5000_-116.5000
2026-04-28,12.7,28,6.85,0.5,38.5,-116.5,38.5000_-116.5000
2026-04-29,16.2,20,4.11,0.0,38.5,-116.5,38.5000_-116.5000
2026-04-30,17.3,19,4.07,0.0,38.5,-116.5,38.5000_-116.5000
2026-05-01,19.1,17,6.33,0.0,38.5,-116.5,38.5000_-116.5000
2026-05-02,20.0,17,5.48,0.0,38.5,-116.5,38.5000_-116.5000
2026-04-26,16.0,19,9.38,16.6,38.5,-115.5,38.5000_-115.5000
2026-04-27,9.7,55,3.76,35.0,38.5,-115.5,38.5000_-115.5000
2026-04-28,12.8,26,5.47,0.98,38.5,-115.5,38.5000_-115.5000
2026-04-29,17.5,23,3.22,0.0,38.5,-115.5,38.5000_-115.5000
2026-04-30,19.4,17,3.72,0.1,38.5,-115.5,38.5000_-115.5000
2026-05-01,20.3,18,4.63,0.0,38.5,-115.5,38.5000_-115.5000
2026-05-02,22.1,15,3.4,0.0,38.5,-115.5,38.5000_-115.5000
2026-04-26,14.2,24,8.32,16.6,38.5,-114.5,38.5000_-114.5000
2026-04-27,7.0,76,7.82,30.17,38.5,-114.5,38.5000_-114.5000
2026-04-28,13.3,27,4.06,1.18,38.5,-114.5,38.5000_-114.5000
2026-04-29,17.2,20,5.3,0.0,38.5,-114.5,38.5000_-114.5000
2026-04-30,17.6,21,5.16,0.0,38.5,-114.5,38.5000_-114.5000
2026-05-01,19.2,18,5.3,0.0,38.5,-114.5,38.5000_-114.5000
2026-05-02,21.3,17,5.59,0.0,38.5,-114.5,38.5000_-114.5000
2026-04-26,16.3,22,11.15,6.4,38.5,-113.5,38.5000_-113.5000
2026-04-27,13.3,30,9.73,16.4,38.5,-113.5,38.5000_-113.5000
2026-04-28,16.1,21,7.16,0.18,38.5,-113.5,38.5000_-113.5000
2026-04-29,19.0,17,4.18,0.0,38.5,-113.5,38.5000_-113.5000
2026-04-30,18.5,18,5.19,0.0,38.5,-113.5,38.5000_-113.5000
2026-05-01,19.4,20,6.69,0.0,38.5,-113.5,38.5000_-113.5000
2026-05-02,21.8,16,4.94,0.0,38.5,-113.5,38.5000_-113.5000
2026-04-26,6.2,37,8.94,12.3,38.5,-112.5,38.5000_-112.5000
2026-04-27,2.9,50,8.54,21.7,38.5,-112.5,38.5000_-112.5000
2026-04-28,7.1,31,10.15,4.57,38.5,-112.5,38.5000_-112.5000
2026-04-29,11.0,22,4.58,0.0,38.5,-112.5,38.5000_-112.5000
2026-04-30,10.5,24,6.99,0.0,38.5,-112.5,38.5000_-112.5000
2026-05-01,10.3,28,7.0,0.0,38.5,-112.5,38.5000_-112.5000
2026-05-02,14.6,17,6.74,0.0,38.5,-112.5,38.5000_-112.5000
2026-04-26,7.6,43,13.05,4.7,38.5,-111.5,38.5000_-111.5000
2026-04-27,6.9,36,12.32,0.4,38.5,-111.5,38.5000_-111.5000
2026-04-28,10.1,20,12.08,0.1,38.5,-111.5,38.5000_-111.5000
2026-04-29,11.6,22,5.71,0.0,38.5,-111.5,38.5000_-111.5000
2026-04-30,9.8,30,4.46,0.1,38.5,-111.5,38.5000_-111.5000
2026-05-01,12.1,24,9.21,0.3,38.5,-111.5,38.5000_-111.5000
2026-05-02,13.1,23,9.46,0.0,38.5,-111.5,38.5000_-111.5000
2026-04-26,18.6,17,12.43,1.2,38.5,-110.5,38.5000_-110.5000
2026-04-27,16.4,18,11.32,0.0,38.5,-110.5,38.5000_-110.5000
2026-04-28,16.4,15,12.08,0.0,38.5,-110.5,38.5000_-110.5000
2026-04-29,18.5,16,5.45,0.0,38.5,-110.5,38.5000_-110.5000
2026-04-30,19.1,16,8.86,0.0,38.5,-110.5,38.5000_-110.5000
2026-05-01,21.1,14,11.75,0.3,38.5,-110.5,38.5000_-110.5000
2026-05-02,21.0,15,8.84,0.0,38.5,-110.5,38.5000_-110.5000
2026-04-26,17.8,17,13.56,4.4,38.5,-109.5,38.5000_-109.5000
2026-04-27,14.3,28,9.73,0.85,38.5,-109.5,38.5000_-109.5000
2026-04-28,15.0,18,9.19,0.1,38.5,-109.5,38.5000_-109.5000
2026-04-29,18.0,16,4.16,0.0,38.5,-109.5,38.5000_-109.5000
2026-04-30,17.8,15,5.43,0.0,38.5,-109.5,38.5000_-109.5000
2026-05-01,18.8,21,7.97,0.0,38.5,-109.5,38.5000_-109.5000
2026-05-02,19.5,19,8.68,0.0,38.5,-109.5,38.5000_-109.5000
2026-04-26,9.9,26,11.78,36.9,38.5,-108.5,38.5000_-108.5000
2026-04-27,5.6,47,10.96,5.25,38.5,-108.5,38.5000_-108.5000
2026-04-28,8.2,31,8.29,0.57,38.5,-108.5,38.5000_-108.5000
2026-04-29,11.3,25,6.49,0.0,38.5,-108.5,38.5000_-108.5000
2026-04-30,10.5,29,5.66,0.3,38.5,-108.5,38.5000_-108.5000
2026-05-01,9.1,40,5.52,2.2,38.5,-108.5,38.5000_-108.5000
2026-05-02,11.5,33,5.7,0.8,38.5,-108.5,38.5000_-108.5000
2026-04-26,7.4,28,11.73,10.1,38.5,-107.5,38.5000_-107.5000
2026-04-27,3.8,50,11.41,10.33,38.5,-107.5,38.5000_-107.5000
2026-04-28,5.4,42,9.32,2.45,38.5,-107.5,38.5000_-107.5000
2026-04-29,9.0,29,5.34,0.0,38.5,-107.5,38.5000_-107.5000
2026-04-30,9.5,30,4.14,0.0,38.5,-107.5,38.5000_-107.5000
2026-05-01,7.7,44,4.1,1.5,38.5,-107.5,38.5000_-107.5000
2026-05-02,7.7,46,3.31,2.1,38.5,-107.5,38.5000_-107.5000
2026-04-26,10.3,21,10.26,1.8,38.5,-106.5,38.5000_-106.5000
2026-04-27,7.5,36,6.89,2.25,38.5,-106.5,38.5000_-106.5000
2026-04-28,6.9,39,8.01,2.47,38.5,-106.5,38.5000_-106.5000
2026-04-29,10.9,29,6.08,0.0,38.5,-106.5,38.5000_-106.5000
2026-04-30,12.8,29,3.99,0.0,38.5,-106.5,38.5000_-106.5000
2026-05-01,8.5,52,4.0,1.5,38.5,-106.5,38.5000_-106.5000
2026-05-02,9.5,46,3.76,1.1,38.5,-106.5,38.5000_-106.5000
2026-04-26,12.1,26,14.86,0.8,38.5,-105.5,38.5000_-105.5000
2026-04-27,13.6,18,14.9,0.05,38.5,-105.5,38.5000_-105.5000
2026-04-28,13.3,17,10.95,2.25,38.5,-105.5,38.5000_-105.5000
2026-04-29,15.4,16,10.24,0.0,38.5,-105.5,38.5000_-105.5000
2026-04-30,12.8,28,9.33,0.4,38.5,-105.5,38.5000_-105.5000
2026-05-01,7.5,67,5.21,8.8,38.5,-105.5,38.5000_-105.5000
2026-05-02,4.6,74,2.5,0.9,38.5,-105.5,38.5000_-105.5000
2026-04-26,21.1,16,15.47,0.0,38.5,-104.5,38.5000_-104.5000
2026-04-27,20.2,14,13.45,0.0,38.5,-104.5,38.5000_-104.5000
2026-04-28,20.9,12,12.0,2.78,38.5,-104.5,38.5000_-104.5000
2026-04-29,20.1,20,9.11,0.0,38.5,-104.5,38.5000_-104.5000
2026-04-30,19.8,21,6.41,0.4,38.5,-104.5,38.5000_-104.5000
2026-05-01,13.8,54,7.7,12.4,38.5,-104.5,38.5000_-104.5000
2026-05-02,9.3,67,3.2,1.0,38.5,-104.5,38.5000_-104.5000
2026-04-26,10.4,78,4.16,0.0,39.5,-123.5,39.5000_-123.5000
2026-04-27,13.4,70,3.8,0.0,39.5,-123.5,39.5000_-123.5000
2026-04-28,17.7,51,3.61,0.0,39.5,-123.5,39.5000_-123.5000
2026-04-29,19.8,49,3.52,0.0,39.5,-123.5,39.5000_-123.5000
2026-04-30,20.6,52,2.91,0.0,39.5,-123.5,39.5000_-123.5000
2026-05-01,19.1,54,3.26,0.0,39.5,-123.5,39.5000_-123.5000
2026-05-02,16.6,57,3.22,0.0,39.5,-123.5,39.5000_-123.5000
2026-04-26,15.3,76,4.2,0.4,39.5,-122.5,39.5000_-122.5000
2026-04-27,16.9,52,3.7,2.9,39.5,-122.5,39.5000_-122.5000
2026-04-28,20.3,45,3.69,0.0,39.5,-122.5,39.5000_-122.5000
2026-04-29,23.4,36,2.95,0.0,39.5,-122.5,39.5000_-122.5000
2026-04-30,24.4,38,2.51,0.0,39.5,-122.5,39.5000_-122.5000
2026-05-01,24.8,45,3.36,0.0,39.5,-122.5,39.5000_-122.5000
2026-05-02,24.7,36,4.08,0.0,39.5,-122.5,39.5000_-122.5000
2026-04-26,16.5,63,7.32,2.6,39.5,-121.5,39.5000_-121.5000
2026-04-27,18.8,46,5.54,0.0,39.5,-121.5,39.5000_-121.5000
2026-04-28,21.4,47,2.57,0.0,39.5,-121.5,39.5000_-121.5000
2026-04-29,23.8,39,2.59,0.0,39.5,-121.5,39.5000_-121.5000
2026-04-30,23.8,40,2.69,0.0,39.5,-121.5,39.5000_-121.5000
2026-05-01,25.6,49,2.26,0.0,39.5,-121.5,39.5000_-121.5000
2026-05-02,25.2,45,4.02,0.0,39.5,-121.5,39.5000_-121.5000
2026-04-26,6.2,75,4.97,0.4,39.5,-120.5,39.5000_-120.5000
2026-04-27,4.1,81,4.75,2.6,39.5,-120.5,39.5000_-120.5000
2026-04-28,12.1,36,4.68,1.08,39.5,-120.5,39.5000_-120.5000
2026-04-29,15.5,31,5.22,0.0,39.5,-120.5,39.5000_-120.5000
2026-04-30,17.0,26,4.56,0.0,39.5,-120.5,39.5000_-120.5000
2026-05-01,18.3,31,5.18,0.0,39.5,-120.5,39.5000_-120.5000
2026-05-02,16.9,31,5.28,0.0,39.5,-120.5,39.5000_-120.5000
2026-04-26,12.3,28,9.42,0.0,39.5,-119.5,39.5000_-119.5000
2026-04-27,9.3,33,9.36,0.0,39.5,-119.5,39.5000_-119.5000
2026-04-28,14.1,21,6.37,0.0,39.5,-119.5,39.5000_-119.5000
2026-04-29,17.0,20,4.83,0.0,39.5,-119.5,39.5000_-119.5000
2026-04-30,18.0,18,6.31,0.0,39.5,-119.5,39.5000_-119.5000
2026-05-01,20.3,19,4.75,0.0,39.5,-119.5,39.5000_-119.5000
2026-05-02,20.4,20,5.47,0.0,39.5,-119.5,39.5000_-119.5000
2026-04-26,19.4,15,7.43,0.8,39.5,-118.5,39.5000_-118.5000
2026-04-27,14.5,26,7.44,1.8,39.5,-118.5,39.5000_-118.5000
2026-04-28,18.3,20,5.5,0.0,39.5,-118.5,39.5000_-118.5000
2026-04-29,21.9,17,4.26,0.0,39.5,-118.5,39.5000_-118.5000
2026-04-30,23.0,16,4.02,0.0,39.5,-118.5,39.5000_-118.5000
2026-05-01,23.9,16,7.06,0.0,39.5,-118.5,39.5000_-118.5000
2026-05-02,28.1,11,9.49,0.0,39.5,-118.5,39.5000_-118.5000
2026-04-26,10.2,53,6.85,0.4,39.5,-117.5,39.5000_-117.5000
2026-04-27,8.2,44,7.14,2.12,39.5,-117.5,39.5000_-117.5000
2026-04-28,13.9,23,6.39,0.08,39.5,-117.5,39.5000_-117.5000
2026-04-29,17.3,20,3.64,0.0,39.5,-117.5,39.5000_-117.5000
2026-04-30,17.2,21,7.19,0.0,39.5,-117.5,39.5000_-117.5000
2026-05-01,19.1,20,6.61,0.0,39.5,-117.5,39.5000_-117.5000
2026-05-02,22.1,15,8.79,0.0,39.5,-117.5,39.5000_-117.5000
2026-04-26,13.3,31,7.6,1.2,39.5,-116.5,39.5000_-116.5000
2026-04-27,8.5,46,7.4,5.33,39.5,-116.5,39.5000_-116.5000
2026-04-28,14.0,20,7.78,0.0,39.5,-116.5,39.5000_-116.5000
2026-04-29,17.4,18,4.1,0.0,39.5,-116.5,39.5000_-116.5000
2026-04-30,17.6,19,9.9,0.0,39.5,-116.5,39.5000_-116.5000
2026-05-01,18.7,20,7.34,0.0,39.5,-116.5,39.5000_-116.5000
2026-05-02,21.9,15,6.29,0.0,39.5,-116.5,39.5000_-116.5000
2026-04-26,11.9,32,9.0,19.6,39.5,-115.5,39.5000_-115.5000
2026-04-27,7.9,40,7.59,0.8,39.5,-115.5,39.5000_-115.5000
2026-04-28,12.2,22,8.27,2.6,39.5,-115.5,39.5000_-115.5000
2026-04-29,15.2,21,6.98,0.0,39.5,-115.5,39.5000_-115.5000
2026-04-30,16.4,19,7.51,0.2,39.5,-115.5,39.5000_-115.5000
2026-05-01,17.0,20,8.07,0.0,39.5,-115.5,39.5000_-115.5000
2026-05-02,20.1,17,6.13,0.0,39.5,-115.5,39.5000_-115.5000
2026-04-26,15.6,22,8.0,5.8,39.5,-114.5,39.5000_-114.5000
2026-04-27,9.0,72,8.21,13.42,39.5,-114.5,39.5000_-114.5000
2026-04-28,13.9,27,2.94,1.0,39.5,-114.5,39.5000_-114.5000
2026-04-29,16.7,25,4.97,0.0,39.5,-114.5,39.5000_-114.5000
2026-04-30,16.1,31,8.06,0.6,39.5,-114.5,39.5000_-114.5000
2026-05-01,18.9,19,10.36,0.0,39.5,-114.5,39.5000_-114.5000
2026-05-02,21.4,19,4.47,0.0,39.5,-114.5,39.5000_-114.5000
2026-04-26,18.1,17,6.61,2.3,39.5,-113.5,39.5000_-113.5000
2026-04-27,8.0,80,5.63,12.52,39.5,-113.5,39.5000_-113.5000
2026-04-28,15.6,27,2.94,1.42,39.5,-113.5,39.5000_-113.5000
2026-04-29,19.1,19,3.16,0.0,39.5,-113.5,39.5000_-113.5000
2026-04-30,19.4,19,5.71,1.6,39.5,-113.5,39.5000_-113.5000
2026-05-01,20.3,22,5.39,0.0,39.5,-113.5,39.5000_-113.5000
2026-05-02,22.6,18,5.02,0.0,39.5,-113.5,39.5000_-113.5000
2026-04-26,17.3,18,10.0,5.8,39.5,-112.5,39.5000_-112.5000
2026-04-27,9.7,72,8.24,4.08,39.5,-112.5,39.5000_-112.5000
2026-04-28,14.8,28,7.14,5.08,39.5,-112.5,39.5000_-112.5000
2026-04-29,19.2,19,3.35,0.0,39.5,-112.5,39.5000_-112.5000
2026-04-30,20.2,19,6.44,0.1,39.5,-112.5,39.5000_-112.5000
2026-05-01,19.8,22,7.1,0.0,39.5,-112.5,39.5000_-112.5000
2026-05-02,22.9,16,7.67,0.0,39.5,-112.5,39.5000_-112.5000
2026-04-26,15.4,21,8.24,8.7,39.5,-111.5,39.5000_-111.5000
2026-04-27,10.2,53,6.52,6.58,39.5,-111.5,39.5000_-111.5000
2026-04-28,13.1,31,5.04,2.75,39.5,-111.5,39.5000_-111.5000
2026-04-29,16.9,23,3.86,0.0,39.5,-111.5,39.5000_-111.5000
2026-04-30,17.0,26,6.52,0.0,39.5,-111.5,39.5000_-111.5000
2026-05-01,17.0,31,7.57,0.0,39.5,-111.5,39.5000_-111.5000
2026-05-02,20.5,27,7.13,0.0,39.5,-111.5,39.5000_-111.5000
2026-04-26,16.9,18,7.7,3.1,39.5,-110.5,39.5000_-110.5000
2026-04-27,11.5,49,8.32,4.78,39.5,-110.5,39.5000_-110.5000
2026-04-28,15.8,22,4.85,2.77,39.5,-110.5,39.5000_-110.5000
2026-04-29,17.3,20,6.62,0.0,39.5,-110.5,39.5000_-110.5000
2026-04-30,18.8,20,6.59,0.1,39.5,-110.5,39.5000_-110.5000
2026-05-01,18.8,21,7.95,0.0,39.5,-110.5,39.5000_-110.5000
2026-05-02,20.2,22,9.75,0.0,39.5,-110.5,39.5000_-110.5000
2026-04-26,13.5,18,9.68,5.9,39.5,-109.5,39.5000_-109.5000
2026-04-27,10.1,40,10.95,0.0,39.5,-109.5,39.5000_-109.5000
2026-04-28,11.7,23,10.43,1.5,39.5,-109.5,39.5000_-109.5000
2026-04-29,14.1,23,5.9,0.0,39.5,-109.5,39.5000_-109.5000
2026-04-30,14.0,21,9.11,0.0,39.5,-109.5,39.5000_-109.5000
2026-05-01,13.2,33,8.24,1.1,39.5,-109.5,39.5000_-109.5000
2026-05-02,15.1,28,10.92,3.4,39.5,-109.5,39.5000_-109.5000
2026-04-26,14.4,18,7.86,24.8,39.5,-108.5,39.5000_-108.5000
2026-04-27,8.4,67,6.81,14.12,39.5,-108.5,39.5000_-108.5000
2026-04-28,10.5,40,6.2,7.15,39.5,-108.5,39.5000_-108.5000
2026-04-29,14.1,26,4.52,0.0,39.5,-108.5,39.5000_-108.5000
2026-04-30,15.2,26,3.07,0.0,39.5,-108.5,39.5000_-108.5000
2026-05-01,14.3,33,4.6,1.1,39.5,-108.5,39.5000_-108.5000
2026-05-02,15.8,28,5.73,0.1,39.5,-108.5,39.5000_-108.5000
2026-04-26,14.2,19,12.14,16.3,39.5,-107.5,39.5000_-107.5000
2026-04-27,9.1,64,7.21,0.98,39.5,-107.5,39.5000_-107.5000
2026-04-28,10.2,36,6.9,7.53,39.5,-107.5,39.5000_-107.5000
2026-04-29,14.9,25,4.73,0.0,39.5,-107.5,39.5000_-107.5000
2026-04-30,15.8,27,3.36,0.1,39.5,-107.5,39.5000_-107.5000
2026-05-01,12.5,51,2.94,1.5,39.5,-107.5,39.5000_-107.5000
2026-05-02,14.7,40,2.9,0.0,39.5,-107.5,39.5000_-107.5000
2026-04-26,1.0,34,10.87,17.1,39.5,-106.5,39.5000_-106.5000
2026-04-27,-0.1,61,9.75,19.85,39.5,-106.5,39.5000_-106.5000
2026-04-28,-0.2,54,5.98,10.33,39.5,-106.5,39.5000_-106.5000
2026-04-29,4.1,35,4.59,0.3,39.5,-106.5,39.5000_-106.5000
2026-04-30,4.6,40,2.33,1.9,39.5,-106.5,39.5000_-106.5000
2026-05-01,3.2,57,1.93,2.2,39.5,-106.5,39.5000_-106.5000
2026-05-02,1.9,74,2.33,5.6,39.5,-106.5,39.5000_-106.5000
2026-04-26,9.3,37,11.24,1.5,39.5,-105.5,39.5000_-105.5000
2026-04-27,6.5,34,9.41,0.53,39.5,-105.5,39.5000_-105.5000
2026-04-28,7.4,34,3.77,4.52,39.5,-105.5,39.5000_-105.5000
2026-04-29,10.8,23,4.24,0.0,39.5,-105.5,39.5000_-105.5000
2026-04-30,6.6,51,3.31,4.0,39.5,-105.5,39.5000_-105.5000
2026-05-01,1.5,94,2.22,13.1,39.5,-105.5,39.5000_-105.5000
2026-05-02,2.3,92,2.91,1.2,39.5,-105.5,39.5000_-105.5000
2026-04-26,17.5,32,13.91,0.0,39.5,-104.5,39.5000_-104.5000
2026-04-27,13.1,36,8.25,3.5,39.5,-104.5,39.5000_-104.5000
2026-04-28,11.5,47,8.32,17.32,39.5,-104.5,39.5000_-104.5000
2026-04-29,15.9,23,5.11,0.0,39.5,-104.5,39.5000_-104.5000
2026-04-30,14.2,38,6.73,0.7,39.5,-104.5,39.5000_-104.5000
2026-05-01,9.1,75,6.13,8.3,39.5,-104.5,39.5000_-104.5000
2026-05-02,10.2,52,5.4,0.1,39.5,-104.5,39.5000_-104.5000
2026-04-26,7.3,80,5.0,0.0,40.5,-123.5,40.5000_-123.5000
2026-04-27,8.0,66,4.53,0.0,40.5,-123.5,40.5000_-123.5000
2026-04-28,13.4,32,3.71,0.0,40.5,-123.5,40.5000_-123.5000
2026-04-29,16.0,33,3.61,0.0,40.5,-123.5,40.5000_-123.5000
2026-04-30,17.6,36,3.1,0.0,40.5,-123.5,40.5000_-123.5000
2026-05-01,16.2,41,3.22,0.0,40.5,-123.5,40.5000_-123.5000
2026-05-02,13.2,54,3.42,0.0,40.5,-123.5,40.5000_-123.5000
2026-04-26,20.7,45,6.65,11.1,40.5,-122.5,40.5000_-122.5000
2026-04-27,18.8,48,2.09,5.1,40.5,-122.5,40.5000_-122.5000
2026-04-28,22.1,41,2.42,0.4,40.5,-122.5,40.5000_-122.5000
2026-04-29,25.2,34,2.43,0.0,40.5,-122.5,40.5000_-122.5000
2026-04-30,26.2,34,2.47,0.0,40.5,-122.5,40.5000_-122.5000
2026-05-01,26.4,40,2.97,0.0,40.5,-122.5,40.5000_-122.5000
2026-05-02,25.9,35,3.35,0.0,40.5,-122.5,40.5000_-122.5000
2026-04-26,1.2,66,6.22,7.2,40.5,-121.5,40.5000_-121.5000
2026-04-27,-0.1,72,3.81,2.97,40.5,-121.5,40.5000_-121.5000
2026-04-28,6.6,47,2.53,2.6,40.5,-121.5,40.5000_-121.5000
2026-04-29,10.6,23,3.21,0.8,40.5,-121.5,40.5000_-121.5000
2026-04-30,12.3,32,3.52,0.0,40.5,-121.5,40.5000_-121.5000
2026-05-01,13.8,34,3.62,0.0,40.5,-121.5,40.5000_-121.5000
2026-05-02,12.3,29,4.33,0.0,40.5,-121.5,40.5000_-121.5000
2026-04-26,13.3,37,8.7,0.8,40.5,-120.5,40.5000_-120.5000
2026-04-27,10.4,41,7.19,0.0,40.5,-120.5,40.5000_-120.5000
2026-04-28,15.2,30,6.45,0.0,40.5,-120.5,40.5000_-120.5000
2026-04-29,19.0,16,3.81,0.0,40.5,-120.5,40.5000_-120.5000
2026-04-30,19.6,16,5.23,0.0,40.5,-120.5,40.5000_-120.5000
2026-05-01,22.7,20,5.03,0.0,40.5,-120.5,40.5000_-120.5000
2026-05-02,22.6,21,5.98,0.0,40.5,-120.5,40.5000_-120.5000
2026-04-26,13.9,37,10.05,0.4,40.5,-119.5,40.5000_-119.5000
2026-04-27,12.7,28,12.31,2.5,40.5,-119.5,40.5000_-119.5000
2026-04-28,15.6,24,7.27,0.0,40.5,-119.5,40.5000_-119.5000
2026-04-29,18.6,20,2.51,0.0,40.5,-119.5,40.5000_-119.5000
2026-04-30,19.7,18,1.92,0.0,40.5,-119.5,40.5000_-119.5000
2026-05-01,21.7,18,7.58,0.0,40.5,-119.5,40.5000_-119.5000
2026-05-02,22.7,18,6.09,0.0,40.5,-119.5,40.5000_-119.5000
2026-04-26,17.5,18,9.38,0.7,40.5,-118.5,40.5000_-118.5000
2026-04-27,12.1,34,6.38,0.0,40.5,-118.5,40.5000_-118.5000
2026-04-28,16.0,25,6.44,0.0,40.5,-118.5,40.5000_-118.5000
2026-04-29,19.3,19,2.92,0.0,40.5,-118.5,40.5000_-118.5000
2026-04-30,19.4,19,5.66,0.0,40.5,-118.5,40.5000_-118.5000
2026-05-01,21.7,18,6.4,0.0,40.5,-118.5,40.5000_-118.5000
2026-05-02,24.8,15,8.03,0.0,40.5,-118.5,40.5000_-118.5000
2026-04-26,9.9,28,10.07,10.8,40.5,-117.5,40.5000_-117.5000
2026-04-27,3.4,65,8.34,5.63,40.5,-117.5,40.5000_-117.5000
2026-04-28,9.9,28,3.05,1.9,40.5,-117.5,40.5000_-117.5000
2026-04-29,13.5,21,2.8,0.0,40.5,-117.5,40.5000_-117.5000
2026-04-30,13.9,20,5.3,0.0,40.5,-117.5,40.5000_-117.5000
2026-05-01,15.6,22,5.13,0.0,40.5,-117.5,40.5000_-117.5000
2026-05-02,18.8,17,3.55,0.0,40.5,-117.5,40.5000_-117.5000
2026-04-26,17.1,20,7.7,4.0,40.5,-116.5,40.5000_-116.5000
2026-04-27,10.9,50,6.86,4.4,40.5,-116.5,40.5000_-116.5000
2026-04-28,17.0,22,5.59,0.0,40.5,-116.5,40.5000_-116.5000
2026-04-29,20.7,18,4.86,0.0,40.5,-116.5,40.5000_-116.5000
2026-04-30,20.3,17,7.08,0.0,40.5,-116.5,40.5000_-116.5000
2026-05-01,21.4,20,7.0,0.0,40.5,-116.5,40.5000_-116.5000
2026-05-02,25.5,15,4.55,0.0,40.5,-116.5,40.5000_-116.5000
2026-04-26,7.7,33,6.64,5.5,40.5,-115.5,40.5000_-115.5000
2026-04-27,3.3,48,7.62,1.93,40.5,-115.5,40.5000_-115.5000
2026-04-28,8.5,29,5.45,0.3,40.5,-115.5,40.5000_-115.5000
2026-04-29,11.6,23,3.58,0.0,40.5,-115.5,40.5000_-115.5000
2026-04-30,11.8,23,7.01,0.0,40.5,-115.5,40.5000_-115.5000
2026-05-01,12.8,24,7.66,0.0,40.5,-115.5,40.5000_-115.5000
2026-05-02,16.3,19,3.94,0.0,40.5,-115.5,40.5000_-115.5000
2026-04-26,13.2,29,9.53,9.1,40.5,-114.5,40.5000_-114.5000
2026-04-27,10.1,36,4.62,0.1,40.5,-114.5,40.5000_-114.5000
2026-04-28,14.5,23,2.68,1.88,40.5,-114.5,40.5000_-114.5000
2026-04-29,17.3,22,4.3,0.0,40.5,-114.5,40.5000_-114.5000
2026-04-30,17.0,26,4.9,0.1,40.5,-114.5,40.5000_-114.5000
2026-05-01,18.2,21,4.39,0.0,40.5,-114.5,40.5000_-114.5000
2026-05-02,20.2,21,5.8,0.0,40.5,-114.5,40.5000_-114.5000
2026-04-26,16.3,19,4.59,14.0,40.5,-113.5,40.5000_-113.5000
2026-04-27,11.3,48,7.19,10.1,40.5,-113.5,40.5000_-113.5000
2026-04-28,16.5,24,6.65,0.2,40.5,-113.5,40.5000_-113.5000
2026-04-29,20.0,20,5.33,0.0,40.5,-113.5,40.5000_-113.5000
2026-04-30,20.0,20,7.07,0.4,40.5,-113.5,40.5000_-113.5000
2026-05-01,20.5,19,6.44,0.0,40.5,-113.5,40.5000_-113.5000
2026-05-02,23.3,14,3.85,0.0,40.5,-113.5,40.5000_-113.5000
2026-04-26,12.5,30,7.96,5.9,40.5,-112.5,40.5000_-112.5000
2026-04-27,7.2,61,7.09,10.98,40.5,-112.5,40.5000_-112.5000
2026-04-28,12.0,35,3.79,0.83,40.5,-112.5,40.5000_-112.5000
2026-04-29,16.8,25,4.24,0.0,40.5,-112.5,40.5000_-112.5000
2026-04-30,16.4,28,6.91,0.0,40.5,-112.5,40.5000_-112.5000
2026-05-01,16.3,34,6.61,0.0,40.5,-112.5,40.5000_-112.5000
2026-05-02,19.8,27,5.15,0.0,40.5,-112.5,40.5000_-112.5000
2026-04-26,13.3,25,7.84,9.5,40.5,-111.5,40.5000_-111.5000
2026-04-27,7.9,59,7.47,6.3,40.5,-111.5,40.5000_-111.5000
2026-04-28,8.9,54,3.01,1.45,40.5,-111.5,40.5000_-111.5000
2026-04-29,13.8,36,2.95,0.0,40.5,-111.5,40.5000_-111.5000
2026-04-30,15.4,35,4.4,0.2,40.5,-111.5,40.5000_-111.5000
2026-05-01,15.4,35,5.04,0.0,40.5,-111.5,40.5000_-111.5000
2026-05-02,18.5,32,5.3,0.0,40.5,-111.5,40.5000_-111.5000
2026-04-26,5.6,28,9.06,14.1,40.5,-110.5,40.5000_-110.5000
2026-04-27,0.3,53,7.37,5.8,40.5,-110.5,40.5000_-110.5000
2026-04-28,1.1,68,5.46,1.95,40.5,-110.5,40.5000_-110.5000
2026-04-29,5.2,56,4.67,1.8,40.5,-110.5,40.5000_-110.5000
2026-04-30,5.1,56,3.71,3.9,40.5,-110.5,40.5000_-110.5000
2026-05-01,4.9,64,5.52,3.8,40.5,-110.5,40.5000_-110.5000
2026-05-02,8.4,55,4.96,0.5,40.5,-110.5,40.5000_-110.5000
2026-04-26,14.9,25,9.9,5.1,40.5,-109.5,40.5000_-109.5000
2026-04-27,10.2,58,6.09,4.0,40.5,-109.5,40.5000_-109.5000
2026-04-28,14.2,27,4.95,7.82,40.5,-109.5,40.5000_-109.5000
2026-04-29,16.8,22,4.69,0.0,40.5,-109.5,40.5000_-109.5000
2026-04-30,18.4,23,7.9,0.0,40.5,-109.5,40.5000_-109.5000
2026-05-01,16.1,34,9.41,0.0,40.5,-109.5,40.5000_-109.5000
2026-05-02,20.3,20,5.64,0.0,40.5,-109.5,40.5000_-109.5000
2026-04-26,13.0,24,11.04,2.1,40.5,-108.5,40.5000_-108.5000
2026-04-27,8.7,60,10.55,6.78,40.5,-108.5,40.5000_-108.5000
2026-04-28,10.3,33,12.0,7.57,40.5,-108.5,40.5000_-108.5000
2026-04-29,14.6,18,5.69,0.0,40.5,-108.5,40.5000_-108.5000
2026-04-30,15.4,21,6.51,0.0,40.5,-108.5,40.5000_-108.5000
2026-05-01,14.3,29,8.5,0.0,40.5,-108.5,40.5000_-108.5000
2026-05-02,16.6,24,8.7,0.0,40.5,-108.5,40.5000_-108.5000
2026-04-26,14.3,26,16.0,2.2,40.5,-107.5,40.5000_-107.5000
2026-04-27,9.6,59,9.95,7.62,40.5,-107.5,40.5000_-107.5000
2026-04-28,11.3,41,9.36,12.2,40.5,-107.5,40.5000_-107.5000
2026-04-29,15.1,24,5.53,0.2,40.5,-107.5,40.5000_-107.5000
2026-04-30,16.5,23,4.46,0.0,40.5,-107.5,40.5000_-107.5000
2026-05-01,15.6,28,6.2,0.0,40.5,-107.5,40.5000_-107.5000
2026-05-02,15.5,38,4.12,0.0,40.5,-107.5,40.5000_-107.5000
2026-04-26,7.3,45,9.9,2.8,40.5,-106.5,40.5000_-106.5000
2026-04-27,6.1,60,11.2,5.18,40.5,-106.5,40.5000_-106.5000
2026-04-28,5.4,61,8.99,7.63,40.5,-106.5,40.5000_-106.5000
2026-04-29,9.1,32,6.16,0.4,40.5,-106.5,40.5000_-106.5000
2026-04-30,11.5,28,4.97,0.4,40.5,-106.5,40.5000_-106.5000
2026-05-01,7.0,58,7.6,1.3,40.5,-106.5,40.5000_-106.5000
2026-05-02,9.1,46,6.04,0.8,40.5,-106.5,40.5000_-106.5000
2026-04-26,4.7,47,4.99,2.6,40.5,-105.5,40.5000_-105.5000
2026-04-27,4.2,46,5.51,5.95,40.5,-105.5,40.5000_-105.5000
2026-04-28,3.6,43,5.92,8.8,40.5,-105.5,40.5000_-105.5000
2026-04-29,7.8,26,5.21,0.0,40.5,-105.5,40.5000_-105.5000
2026-04-30,6.2,32,4.2,2.6,40.5,-105.5,40.5000_-105.5000
2026-05-01,1.6,84,2.79,23.2,40.5,-105.5,40.5000_-105.5000
2026-05-02,0.7,94,2.6,0.9,40.5,-105.5,40.5000_-105.5000
2026-04-26,15.6,41,6.61,0.0,40.5,-104.5,40.5000_-104.5000
2026-04-27,13.0,36,10.8,0.4,40.5,-104.5,40.5000_-104.5000
2026-04-28,17.7,17,7.73,0.1,40.5,-104.5,40.5000_-104.5000
2026-04-29,20.2,17,10.54,0.0,40.5,-104.5,40.5000_-104.5000
2026-04-30,18.9,23,6.87,1.2,40.5,-104.5,40.5000_-104.5000
2026-05-01,12.5,61,7.79,9.0,40.5,-104.5,40.5000_-104.5000
2026-05-02,16.1,37,4.92,0.1,40.5,-104.5,40.5000_-104.5000
2026-04-26,15.8,49,4.83,0.0,41.5,-123.5,41.5000_-123.5000
2026-04-27,15.9,43,3.64,1.1,41.5,-123.5,41.5000_-123.5000
2026-04-28,21.0,31,2.94,0.0,41.5,-123.5,41.5000_-123.5000
2026-04-29,24.2,28,3.01,0.0,41.5,-123.5,41.5000_-123.5000
2026-04-30,26.5,26,3.04,0.0,41.5,-123.5,41.5000_-123.5000
2026-05-01,23.5,39,3.09,0.0,41.5,-123.5,41.5000_-123.5000
2026-05-02,20.3,50,3.02,0.0,41.5,-123.5,41.5000_-123.5000
2026-04-26,19.6,18,6.07,0.0,41.5,-122.5,41.5000_-122.5000
2026-04-27,16.3,25,6.38,0.0,41.5,-122.5,41.5000_-122.5000
2026-04-28,18.5,29,4.43,0.0,41.5,-122.5,41.5000_-122.5000
2026-04-29,21.0,29,4.56,0.0,41.5,-122.5,41.5000_-122.5000
2026-04-30,21.3,27,2.73,0.0,41.5,-122.5,41.5000_-122.5000
2026-05-01,22.3,32,3.72,0.0,41.5,-122.5,41.5000_-122.5000
2026-05-02,23.2,20,5.0,0.0,41.5,-122.5,41.5000_-122.5000
2026-04-26,11.6,53,5.92,12.0,41.5,-121.5,41.5000_-121.5000
2026-04-27,9.3,53,5.54,2.63,41.5,-121.5,41.5000_-121.5000
2026-04-28,15.2,28,3.79,0.0,41.5,-121.5,41.5000_-121.5000
2026-04-29,18.1,28,2.6,0.0,41.5,-121.5,41.5000_-121.5000
2026-04-30,19.2,26,2.88,0.0,41.5,-121.5,41.5000_-121.5000
2026-05-01,20.9,27,5.39,0.0,41.5,-121.5,41.5000_-121.5000
2026-05-02,19.8,31,5.28,0.0,41.5,-121.5,41.5000_-121.5000
2026-04-26,14.1,39,7.9,2.3,41.5,-120.5,41.5000_-120.5000
2026-04-27,12.7,30,7.91,0.4,41.5,-120.5,41.5000_-120.5000
2026-04-28,16.7,29,5.45,0.1,41.5,-120.5,41.5000_-120.5000
2026-04-29,18.2,27,4.12,0.0,41.5,-120.5,41.5000_-120.5000
2026-04-30,19.0,28,5.05,0.0,41.5,-120.5,41.5000_-120.5000
2026-05-01,22.4,25,5.46,0.0,41.5,-120.5,41.5000_-120.5000
2026-05-02,22.8,24,5.76,0.0,41.5,-120.5,41.5000_-120.5000
2026-04-26,10.4,23,7.46,0.7,41.5,-119.5,41.5000_-119.5000
2026-04-27,7.8,34,10.66,0.6,41.5,-119.5,41.5000_-119.5000
2026-04-28,12.2,27,7.04,0.08,41.5,-119.5,41.5000_-119.5000
2026-04-29,14.8,23,4.57,0.0,41.5,-119.5,41.5000_-119.5000
2026-04-30,15.7,26,5.29,0.0,41.5,-119.5,41.5000_-119.5000
2026-05-01,18.4,23,5.15,0.0,41.5,-119.5,41.5000_-119.5000
2026-05-02,19.9,20,7.96,0.0,41.5,-119.5,41.5000_-119.5000
2026-04-26,16.2,33,8.4,0.4,41.5,-118.5,41.5000_-118.5000
2026-04-27,13.6,28,8.77,1.4,41.5,-118.5,41.5000_-118.5000
2026-04-28,17.0,26,4.84,0.2,41.5,-118.5,41.5000_-118.5000
2026-04-29,20.2,22,5.14,0.0,41.5,-118.5,41.5000_-118.5000
2026-04-30,21.0,20,5.1,0.0,41.5,-118.5,41.5000_-118.5000
2026-05-01,22.6,21,4.83,0.0,41.5,-118.5,41.5000_-118.5000
2026-05-02,25.9,16,4.53,0.0,41.5,-118.5,41.5000_-118.5000
2026-04-26,15.1,29,6.99,0.0,41.5,-117.5,41.5000_-117.5000
2026-04-27,13.3,23,8.36,1.1,41.5,-117.5,41.5000_-117.5000
2026-04-28,15.3,27,6.01,0.0,41.5,-117.5,41.5000_-117.5000
2026-04-29,18.5,24,4.54,0.0,41.5,-117.5,41.5000_-117.5000
2026-04-30,19.2,23,4.32,0.0,41.5,-117.5,41.5000_-117.5000
2026-05-01,21.1,22,3.51,0.0,41.5,-117.5,41.5000_-117.5000
2026-05-02,23.8,20,3.94,0.0,41.5,-117.5,41.5000_-117.5000
2026-04-26,12.9,24,8.15,0.0,41.5,-116.5,41.5000_-116.5000
2026-04-27,9.7,30,8.06,1.1,41.5,-116.5,41.5000_-116.5000
2026-04-28,13.2,24,7.36,0.3,41.5,-116.5,41.5000_-116.5000
2026-04-29,16.6,21,6.2,0.0,41.5,-116.5,41.5000_-116.5000
2026-04-30,16.6,22,6.16,0.0,41.5,-116.5,41.5000_-116.5000
2026-05-01,18.1,22,4.39,0.0,41.5,-116.5,41.5000_-116.5000
2026-05-02,21.5,17,6.32,0.0,41.5,-116.5,41.5000_-116.5000
2026-04-26,12.5,24,6.41,1.1,41.5,-115.5,41.5000_-115.5000
2026-04-27,9.7,21,7.57,3.7,41.5,-115.5,41.5000_-115.5000
2026-04-28,11.9,26,7.18,0.0,41.5,-115.5,41.5000_-115.5000
2026-04-29,15.6,22,6.77,0.0,41.5,-115.5,41.5000_-115.5000
2026-04-30,15.6,25,6.63,0.0,41.5,-115.5,41.5000_-115.5000
2026-05-01,17.3,23,7.14,0.0,41.5,-115.5,41.5000_-115.5000
2026-05-02,20.1,18,5.23,0.0,41.5,-115.5,41.5000_-115.5000
2026-04-26,14.4,21,7.08,0.7,41.5,-114.5,41.5000_-114.5000
2026-04-27,11.6,18,7.59,0.0,41.5,-114.5,41.5000_-114.5000
2026-04-28,14.5,24,7.33,0.0,41.5,-114.5,41.5000_-114.5000
2026-04-29,16.8,21,4.17,0.0,41.5,-114.5,41.5000_-114.5000
2026-04-30,16.9,24,6.4,0.0,41.5,-114.5,41.5000_-114.5000
2026-05-01,19.3,19,6.18,0.0,41.5,-114.5,41.5000_-114.5000
2026-05-02,20.5,20,6.09,0.0,41.5,-114.5,41.5000_-114.5000
2026-04-26,14.5,27,6.84,1.2,41.5,-113.5,41.5000_-113.5000
2026-04-27,14.4,16,5.57,0.0,41.5,-113.5,41.5000_-113.5000
2026-04-28,15.9,18,7.34,1.9,41.5,-113.5,41.5000_-113.5000
2026-04-29,18.2,24,3.96,0.0,41.5,-113.5,41.5000_-113.5000
2026-04-30,16.8,33,6.75,0.1,41.5,-113.5,41.5000_-113.5000
2026-05-01,18.9,30,5.28,0.0,41.5,-113.5,41.5000_-113.5000
2026-05-02,21.4,20,5.3,0.0,41.5,-113.5,41.5000_-113.5000
2026-04-26,9.9,27,6.69,8.4,41.5,-112.5,41.5000_-112.5000
2026-04-27,6.2,34,5.55,3.75,41.5,-112.5,41.5000_-112.5000
2026-04-28,10.4,32,6.38,3.45,41.5,-112.5,41.5000_-112.5000
2026-04-29,13.6,27,4.27,0.0,41.5,-112.5,41.5000_-112.5000
2026-04-30,14.9,26,3.93,0.8,41.5,-112.5,41.5000_-112.5000
2026-05-01,14.6,30,3.99,0.0,41.5,-112.5,41.5000_-112.5000
2026-05-02,17.4,28,2.28,0.0,41.5,-112.5,41.5000_-112.5000
2026-04-26,3.5,44,8.94,18.3,41.5,-111.5,41.5000_-111.5000
2026-04-27,-1.2,70,8.02,4.6,41.5,-111.5,41.5000_-111.5000
2026-04-28,2.9,53,8.03,0.9,41.5,-111.5,41.5000_-111.5000
2026-04-29,7.6,39,7.71,0.7,41.5,-111.5,41.5000_-111.5000
2026-04-30,6.4,40,6.6,2.9,41.5,-111.5,41.5000_-111.5000
2026-05-01,7.0,50,4.32,1.5,41.5,-111.5,41.5000_-111.5000
2026-05-02,12.0,35,4.85,0.2,41.5,-111.5,41.5000_-111.5000
2026-04-26,11.0,25,11.36,4.3,41.5,-110.5,41.5000_-110.5000
2026-04-27,5.0,62,7.21,2.58,41.5,-110.5,41.5000_-110.5000
2026-04-28,8.3,38,9.53,1.1,41.5,-110.5,41.5000_-110.5000
2026-04-29,12.8,27,8.04,0.0,41.5,-110.5,41.5000_-110.5000
2026-04-30,13.3,27,8.7,0.6,41.5,-110.5,41.5000_-110.5000
2026-05-01,11.6,37,7.32,1.2,41.5,-110.5,41.5000_-110.5000
2026-05-02,16.1,24,5.91,0.3,41.5,-110.5,41.5000_-110.5000
2026-04-26,12.3,21,8.41,3.0,41.5,-109.5,41.5000_-109.5000
2026-04-27,6.6,55,5.17,2.97,41.5,-109.5,41.5000_-109.5000
2026-04-28,10.0,30,10.11,0.1,41.5,-109.5,41.5000_-109.5000
2026-04-29,14.1,22,10.86,0.0,41.5,-109.5,41.5000_-109.5000
2026-04-30,14.1,26,9.06,0.0,41.5,-109.5,41.5000_-109.5000
2026-05-01,10.9,43,7.78,0.0,41.5,-109.5,41.5000_-109.5000
2026-05-02,16.8,21,6.08,0.0,41.5,-109.5,41.5000_-109.5000
2026-04-26,11.2,26,11.52,2.2,41.5,-108.5,41.5000_-108.5000
2026-04-27,8.4,52,8.36,5.1,41.5,-108.5,41.5000_-108.5000
2026-04-28,9.5,29,9.93,4.4,41.5,-108.5,41.5000_-108.5000
2026-04-29,13.1,20,10.56,0.0,41.5,-108.5,41.5000_-108.5000
2026-04-30,12.7,29,8.27,1.8,41.5,-108.5,41.5000_-108.5000
2026-05-01,11.8,38,9.86,4.5,41.5,-108.5,41.5000_-108.5000
2026-05-02,15.1,25,5.64,1.2,41.5,-108.5,41.5000_-108.5000
2026-04-26,8.7,27,11.84,2.6,41.5,-107.5,41.5000_-107.5000
2026-04-27,6.1,62,8.7,6.58,41.5,-107.5,41.5000_-107.5000
2026-04-28,7.6,31,10.72,6.38,41.5,-107.5,41.5000_-107.5000
2026-04-29,11.4,20,9.83,0.7,41.5,-107.5,41.5000_-107.5000
2026-04-30,10.3,29,10.33,2.4,41.5,-107.5,41.5000_-107.5000
2026-05-01,8.7,46,9.12,0.5,41.5,-107.5,41.5000_-107.5000
2026-05-02,12.4,33,8.15,0.1,41.5,-107.5,41.5000_-107.5000
2026-04-26,9.4,32,9.63,0.8,41.5,-106.5,41.5000_-106.5000
2026-04-27,6.9,49,9.92,3.55,41.5,-106.5,41.5000_-106.5000
2026-04-28,5.5,48,11.31,10.9,41.5,-106.5,41.5000_-106.5000
2026-04-29,8.6,35,8.71,2.3,41.5,-106.5,41.5000_-106.5000
2026-04-30,9.3,31,10.58,1.3,41.5,-106.5,41.5000_-106.5000
2026-05-01,5.5,59,5.63,0.1,41.5,-106.5,41.5000_-106.5000
2026-05-02,9.5,46,5.8,0.3,41.5,-106.5,41.5000_-106.5000
2026-04-26,7.0,59,12.79,3.9,41.5,-105.5,41.5000_-105.5000
2026-04-27,6.2,41,10.52,0.18,41.5,-105.5,41.5000_-105.5000
2026-04-28,6.2,30,12.86,4.88,41.5,-105.5,41.5000_-105.5000
2026-04-29,10.3,23,10.82,0.1,41.5,-105.5,41.5000_-105.5000
2026-04-30,9.1,31,8.79,5.0,41.5,-105.5,41.5000_-105.5000
2026-05-01,2.0,88,7.21,4.3,41.5,-105.5,41.5000_-105.5000
2026-05-02,8.8,43,5.73,0.4,41.5,-105.5,41.5000_-105.5000
2026-04-26,14.0,46,12.07,7.6,41.5,-104.5,41.5000_-104.5000
2026-04-27,9.4,52,11.13,0.8,41.5,-104.5,41.5000_-104.5000
2026-04-28,15.3,17,11.23,0.2,41.5,-104.5,41.5000_-104.5000
2026-04-29,17.5,16,8.36,0.6,41.5,-104.5,41.5000_-104.5000
2026-04-30,15.9,22,10.01,0.5,41.5,-104.5,41.5000_-104.5000
2026-05-01,9.8,61,8.45,0.3,41.5,-104.5,41.5000_-104.5000
2026-05-02,15.7,31,5.41,0.0,41.5,-104.5,41.5000_-104.5000
