date,t2m_max_c,rh_min_pct,wind10m_max_ms,precip_mm,lat_center,lon_center,cell_id
2026-04-04,14.8,75,7.68,0.0,32.5,-123.5,32.5000_-123.5000
2026-04-05,14.6,81,7.79,0.0,32.5,-123.5,32.5000_-123.5000
2026-04-06,15.4,81,8.92,0.0,32.5,-123.5,32.5000_-123.5000
2026-04-07,15.8,82,7.03,0.0,32.5,-123.5,32.5000_-123.5000
2026-04-08,16.5,85,6.66,0.0,32.5,-123.5,32.5000_-123.5000
2026-04-09,16.8,84,5.03,0.5,32.5,-123.5,32.5000_-123.5000
2026-04-10,16.2,80,6.22,0.3,32.5,-123.5,32.5000_-123.5000
2026-04-04,15.4,76,7.68,0.0,32.5,-122.5,32.5000_-122.5000
2026-04-05,15.2,85,7.8,0.0,32.5,-122.5,32.5000_-122.5000
2026-04-06,15.4,82,9.36,0.0,32.5,-122.5,32.5000_-122.5000
2026-04-07,15.9,81,8.94,0.0,32.5,-122.5,32.5000_-122.5000
2026-04-08,16.4,85,8.82,0.0,32.5,-122.5,32.5000_-122.5000
2026-04-09,17.0,87,6.36,0.0,32.5,-122.5,32.5000_-122.5000
2026-04-10,17.0,79,6.28,1.5,32.5,-122.5,32.5000_-122.5000
2026-04-04,15.9,78,7.16,0.0,32.5,-121.5,32.5000_-121.5000
2026-04-05,15.8,84,7.67,0.0,32.5,-121.5,32.5000_-121.5000
2026-04-06,15.6,80,9.63,0.0,32.5,-121.5,32.5000_-121.5000
2026-04-07,16.0,81,10.05,0.0,32.5,-121.5,32.5000_-121.5000
2026-04-08,16.4,79,10.68,0.0,32.5,-121.5,32.5000_-121.5000
2026-04-09,17.2,87,8.08,0.0,32.5,-121.5,32.5000_-121.5000
2026-04-10,17.2,81,6.6,2.0,32.5,-121.5,32.5000_-121.5000
2026-04-04,15.9,81,7.26,0.0,32.5,-120.5,32.5000_-120.5000
2026-04-05,15.9,86,6.74,0.0,32.5,-120.5,32.5000_-120.5000
2026-04-06,15.6,83,9.62,0.0,32.5,-120.5,32.5000_-120.5000
2026-04-07,16.0,81,11.96,0.0,32.5,-120.5,32.5000_-120.5000
2026-04-08,16.5,76,13.25,0.0,32.5,-120.5,32.5000_-120.5000
2026-04-09,16.8,88,10.24,0.0,32.5,-120.5,32.5000_-120.5000
2026-04-10,16.9,80,5.87,1.5,32.5,-120.5,32.5000_-120.5000
2026-04-04,16.8,85,4.18,0.0,32.5,-119.5,32.5000_-119.5000
2026-04-05,16.6,85,6.34,0.0,32.5,-119.5,32.5000_-119.5000
2026-04-06,16.1,82,9.3,0.0,32.5,-119.5,32.5000_-119.5000
2026-04-07,16.5,78,11.56,0.0,32.5,-119.5,32.5000_-119.5000
2026-04-08,17.1,75,11.53,0.0,32.5,-119.5,32.5000_-119.5000
2026-04-09,17.4,84,12.26,0.0,32.5,-119.5,32.5000_-119.5000
2026-04-10,17.1,80,6.24,2.9,32.5,-119.5,32.5000_-119.5000
2026-04-04,17.4,82,4.6,0.0,32.5,-118.5,32.5000_-118.5000
2026-04-05,17.2,84,5.53,0.0,32.5,-118.5,32.5000_-118.5000
2026-04-06,16.5,80,8.69,0.0,32.5,-118.5,32.5000_-118.5000
2026-04-07,16.5,76,9.6,0.0,32.5,-118.5,32.5000_-118.5000
2026-04-08,17.2,79,8.93,0.0,32.5,-118.5,32.5000_-118.5000
2026-04-09,17.5,83,11.4,0.0,32.5,-118.5,32.5000_-118.5000
2026-04-10,17.6,84,6.96,0.7,32.5,-118.5,32.5000_-118.5000
2026-04-04,18.5,68,5.73,0.0,32.5,-117.5,32.5000_-117.5000
2026-04-05,18.2,78,6.48,0.0,32.5,-117.5,32.5000_-117.5000
2026-04-06,17.4,77,6.89,0.0,32.5,-117.5,32.5000_-117.5000
2026-04-07,18.1,75,7.05,0.0,32.5,-117.5,32.5000_-117.5000
2026-04-08,18.5,75,4.75,0.0,32.5,-117.5,32.5000_-117.5000
2026-04-09,18.8,75,7.57,0.0,32.5,-117.5,32.5000_-117.5000
2026-04-10,18.1,81,6.22,0.0,32.5,-117.5,32.5000_-117.5000
2026-04-04,25.6,7,10.89,0.0,32.5,-116.5,32.5000_-116.5000
2026-04-05,26.9,7,6.64,0.0,32.5,-116.5,32.5000_-116.5000
2026-04-06,23.6,20,8.32,0.0,32.5,-116.5,32.5000_-116.5000
2026-04-07,25.3,24,6.83,0.0,32.5,-116.5,32.5000_-116.5000
2026-04-08,25.7,23,7.76,0.0,32.5,-116.5,32.5000_-116.5000
2026-04-09,23.0,30,7.6,0.0,32.5,-116.5,32.5000_-116.5000
2026-04-10,20.5,41,9.46,0.2,32.5,-116.5,32.5000_-116.5000
2026-04-04,30.6,7,6.63,0.0,32.5,-115.5,32.5000_-115.5000
2026-04-05,34.3,4,5.11,0.0,32.5,-115.5,32.5000_-115.5000
2026-04-06,34.6,4,6.36,0.0,32.5,-115.5,32.5000_-115.5000
2026-04-07,35.0,9,7.02,0.0,32.5,-115.5,32.5000_-115.5000
2026-04-08,35.4,7,3.2,0.0,32.5,-115.5,32.5000_-115.5000
2026-04-09,35.3,8,8.89,0.0,32.5,-115.5,32.5000_-115.5000
2026-04-10,29.8,20,8.38,1.7,32.5,-115.5,32.5000_-115.5000
2026-04-04,31.5,5,8.5,0.0,32.5,-114.5,32.5000_-114.5000
2026-04-05,34.1,5,4.4,0.0,32.5,-114.5,32.5000_-114.5000
2026-04-06,34.4,5,5.01,0.0,32.5,-114.5,32.5000_-114.5000
2026-04-07,34.1,7,6.26,0.0,32.5,-114.5,32.5000_-114.5000
2026-04-08,34.5,7,7.51,0.0,32.5,-114.5,32.5000_-114.5000
2026-04-09,33.5,12,7.61,0.0,32.5,-114.5,32.5000_-114.5000
2026-04-10,30.8,16,9.48,0.4,32.5,-114.5,32.5000_-114.5000
2026-04-04,14.9,75,8.0,0.0,33.5,-123.5,33.5000_-123.5000
2026-04-05,14.6,83,7.43,0.0,33.5,-123.5,33.5000_-123.5000
2026-04-06,15.1,80,9.12,0.4,33.5,-123.5,33.5000_-123.5000
2026-04-07,15.6,82,7.3,0.0,33.5,-123.5,33.5000_-123.5000
2026-04-08,16.5,86,6.88,0.0,33.5,-123.5,33.5000_-123.5000
2026-04-09,16.8,85,5.1,0.0,33.5,-123.5,33.5000_-123.5000
2026-04-10,16.1,74,4.8,1.2,33.5,-123.5,33.5000_-123.5000
2026-04-04,15.8,76,7.76,0.0,33.5,-122.5,33.5000_-122.5000
2026-04-05,15.7,84,7.88,0.0,33.5,-122.5,33.5000_-122.5000
2026-04-06,15.1,84,9.31,0.0,33.5,-122.5,33.5000_-122.5000
2026-04-07,15.6,83,9.28,0.0,33.5,-122.5,33.5000_-122.5000
2026-04-08,16.0,84,9.45,0.0,33.5,-122.5,33.5000_-122.5000
2026-04-09,16.6,88,6.41,0.3,33.5,-122.5,33.5000_-122.5000
2026-04-10,16.8,73,4.84,1.2,33.5,-122.5,33.5000_-122.5000
2026-04-04,16.1,75,7.04,0.0,33.5,-121.5,33.5000_-121.5000
2026-04-05,15.6,86,7.85,0.0,33.5,-121.5,33.5000_-121.5000
2026-04-06,15.1,83,9.47,0.0,33.5,-121.5,33.5000_-121.5000
2026-04-07,15.6,83,10.96,0.0,33.5,-121.5,33.5000_-121.5000
2026-04-08,15.9,78,11.86,0.0,33.5,-121.5,33.5000_-121.5000
2026-04-09,16.8,89,8.38,0.0,33.5,-121.5,33.5000_-121.5000
2026-04-10,16.9,74,5.33,1.7,33.5,-121.5,33.5000_-121.5000
2026-04-04,16.5,67,7.55,0.0,33.5,-120.5,33.5000_-120.5000
2026-04-05,15.4,83,7.43,0.0,33.5,-120.5,33.5000_-120.5000
2026-04-06,15.1,85,10.61,0.0,33.5,-120.5,33.5000_-120.5000
2026-04-07,15.6,79,13.2,0.0,33.5,-120.5,33.5000_-120.5000
2026-04-08,16.1,77,14.04,0.0,33.5,-120.5,33.5000_-120.5000
2026-04-09,16.2,88,11.54,0.0,33.5,-120.5,33.5000_-120.5000
2026-04-10,16.2,80,6.04,1.8,33.5,-120.5,33.5000_-120.5000
2026-04-04,16.5,81,6.58,0.0,33.5,-119.5,33.5000_-119.5000
2026-04-05,16.2,80,6.99,0.0,33.5,-119.5,33.5000_-119.5000
2026-04-06,15.8,83,10.08,0.0,33.5,-119.5,33.5000_-119.5000
2026-04-07,16.1,77,13.07,0.0,33.5,-119.5,33.5000_-119.5000
2026-04-08,17.1,77,13.55,0.0,33.5,-119.5,33.5000_-119.5000
2026-04-09,17.0,82,15.49,0.0,33.5,-119.5,33.5000_-119.5000
2026-04-10,16.8,82,7.22,2.7,33.5,-119.5,33.5000_-119.5000
2026-04-04,18.0,65,6.55,0.0,33.5,-118.5,33.5000_-118.5000
2026-04-05,18.1,60,7.12,0.0,33.5,-118.5,33.5000_-118.5000
2026-04-06,17.0,79,6.56,0.0,33.5,-118.5,33.5000_-118.5000
2026-04-07,17.9,74,8.08,0.0,33.5,-118.5,33.5000_-118.5000
2026-04-08,18.0,75,4.36,0.0,33.5,-118.5,33.5000_-118.5000
2026-04-09,18.2,78,7.4,0.0,33.5,-118.5,33.5000_-118.5000
2026-04-10,17.4,83,7.09,3.2,33.5,-118.5,33.5000_-118.5000
2026-04-04,28.9,3,7.5,0.0,33.5,-117.5,33.5000_-117.5000
2026-04-05,26.7,15,4.38,0.0,33.5,-117.5,33.5000_-117.5000
2026-04-06,20.2,47,4.74,0.0,33.5,-117.5,33.5000_-117.5000
2026-04-07,19.4,58,3.72,0.0,33.5,-117.5,33.5000_-117.5000
2026-04-08,19.5,59,4.66,0.0,33.5,-117.5,33.5000_-117.5000
2026-04-09,18.7,61,4.88,0.0,33.5,-117.5,33.5000_-117.5000
2026-04-10,18.3,68,5.63,0.7,33.5,-117.5,33.5000_-117.5000
2026-04-04,20.7,8,12.67,0.0,33.5,-116.5,33.5000_-116.5000
2026-04-05,23.2,6,5.55,0.0,33.5,-116.5,33.5000_-116.5000
2026-04-06,21.1,12,6.97,0.0,33.5,-116.5,33.5000_-116.5000
2026-04-07,24.0,17,6.89,0.0,33.5,-116.5,33.5000_-116.5000
2026-04-08,24.2,18,8.46,0.0,33.5,-116.5,33.5000_-116.5000
2026-04-09,21.6,23,9.3,0.0,33.5,-116.5,33.5000_-116.5000
2026-04-10,16.2,46,9.4,1.0,33.5,-116.5,33.5000_-116.5000
2026-04-04,25.4,6,9.53,0.0,33.5,-115.5,33.5000_-115.5000
2026-04-05,29.5,6,5.28,0.0,33.5,-115.5,33.5000_-115.5000
2026-04-06,29.3,5,4.65,0.0,33.5,-115.5,33.5000_-115.5000
2026-04-07,28.8,8,4.89,0.0,33.5,-115.5,33.5000_-115.5000
2026-04-08,29.8,9,5.38,0.0,33.5,-115.5,33.5000_-115.5000
2026-04-09,29.3,10,6.72,0.0,33.5,-115.5,33.5000_-115.5000
2026-04-10,24.9,24,11.03,0.4,33.5,-115.5,33.5000_-115.5000
2026-04-04,30.2,5,7.45,0.0,33.5,-114.5,33.5000_-114.5000
2026-04-05,33.9,5,4.44,0.0,33.5,-114.5,33.5000_-114.5000
2026-04-06,33.9,4,4.87,0.0,33.5,-114.5,33.5000_-114.5000
2026-04-07,35.0,5,6.71,0.0,33.5,-114.5,33.5000_-114.5000
2026-04-08,34.8,8,7.24,0.0,33.5,-114.5,33.5000_-114.5000
2026-04-09,34.3,10,8.36,0.0,33.5,-114.5,33.5000_-114.5000
2026-04-10,29.7,18,11.09,0.0,33.5,-114.5,33.5000_-114.5000
2026-04-04,14.8,75,7.64,0.0,34.5,-123.5,34.5000_-123.5000
2026-04-05,14.1,85,7.52,0.0,34.5,-123.5,34.5000_-123.5000
2026-04-06,14.6,82,8.78,0.0,34.5,-123.5,34.5000_-123.5000
2026-04-07,14.9,84,7.29,0.0,34.5,-123.5,34.5000_-123.5000
2026-04-08,16.2,87,6.87,0.0,34.5,-123.5,34.5000_-123.5000
2026-04-09,16.5,86,4.62,0.0,34.5,-123.5,34.5000_-123.5000
2026-04-10,15.9,77,7.6,1.2,34.5,-123.5,34.5000_-123.5000
2026-04-04,15.4,72,7.91,0.0,34.5,-122.5,34.5000_-122.5000
2026-04-05,15.1,86,8.1,0.0,34.5,-122.5,34.5000_-122.5000
2026-04-06,14.6,84,8.94,0.0,34.5,-122.5,34.5000_-122.5000
2026-04-07,14.8,85,9.63,0.0,34.5,-122.5,34.5000_-122.5000
2026-04-08,15.6,84,9.79,0.0,34.5,-122.5,34.5000_-122.5000
2026-04-09,16.4,86,6.35,0.3,34.5,-122.5,34.5000_-122.5000
2026-04-10,16.5,73,5.12,0.0,34.5,-122.5,34.5000_-122.5000
2026-04-04,15.1,76,7.1,0.0,34.5,-121.5,34.5000_-121.5000
2026-04-05,14.9,84,8.42,0.0,34.5,-121.5,34.5000_-121.5000
2026-04-06,14.4,85,8.98,0.0,34.5,-121.5,34.5000_-121.5000
2026-04-07,14.8,83,11.31,0.0,34.5,-121.5,34.5000_-121.5000
2026-04-08,15.1,77,12.04,0.0,34.5,-121.5,34.5000_-121.5000
2026-04-09,16.4,90,8.58,0.0,34.5,-121.5,34.5000_-121.5000
2026-04-10,16.5,76,4.07,0.6,34.5,-121.5,34.5000_-121.5000
2026-04-04,27.3,15,8.84,0.0,34.5,-120.5,34.5000_-120.5000
2026-04-05,25.0,14,6.93,0.0,34.5,-120.5,34.5000_-120.5000
2026-04-06,20.2,52,8.01,0.0,34.5,-120.5,34.5000_-120.5000
2026-04-07,21.7,41,8.65,0.0,34.5,-120.5,34.5000_-120.5000
2026-04-08,22.2,42,8.63,0.0,34.5,-120.5,34.5000_-120.5000
2026-04-09,19.4,67,8.52,0.0,34.5,-120.5,34.5000_-120.5000
2026-04-10,17.7,69,4.83,1.8,34.5,-120.5,34.5000_-120.5000
2026-04-04,25.7,8,6.98,0.0,34.5,-119.5,34.5000_-119.5000
2026-04-05,25.6,8,5.2,0.0,34.5,-119.5,34.5000_-119.5000
2026-04-06,24.4,13,3.86,0.0,34.5,-119.5,34.5000_-119.5000
2026-04-07,26.1,19,4.2,0.0,34.5,-119.5,34.5000_-119.5000
2026-04-08,26.7,17,4.68,0.0,34.5,-119.5,34.5000_-119.5000
2026-04-09,24.3,28,6.04,0.0,34.5,-119.5,34.5000_-119.5000
2026-04-10,18.1,62,4.0,5.3,34.5,-119.5,34.5000_-119.5000
2026-04-04,26.5,7,10.43,0.0,34.5,-118.5,34.5000_-118.5000
2026-04-05,28.1,6,7.42,0.0,34.5,-118.5,34.5000_-118.5000
2026-04-06,25.6,19,6.37,0.0,34.5,-118.5,34.5000_-118.5000
2026-04-07,27.0,16,4.77,0.0,34.5,-118.5,34.5000_-118.5000
2026-04-08,26.8,18,6.07,0.0,34.5,-118.5,34.5000_-118.5000
2026-04-09,24.7,27,7.55,0.0,34.5,-118.5,34.5000_-118.5000
2026-04-10,19.1,57,6.56,4.1,34.5,-118.5,34.5000_-118.5000
2026-04-04,22.9,6,6.35,0.0,34.5,-117.5,34.5000_-117.5000
2026-04-05,26.1,5,5.51,0.0,34.5,-117.5,34.5000_-117.5000
2026-04-06,25.1,7,7.6,0.0,34.5,-117.5,34.5000_-117.5000
2026-04-07,25.7,16,7.94,0.0,34.5,-117.5,34.5000_-117.5000
2026-04-08,24.9,16,9.44,0.0,34.5,-117.5,34.5000_-117.5000
2026-04-09,23.6,22,9.9,0.0,34.5,-117.5,34.5000_-117.5000
2026-04-10,21.5,32,6.53,0.5,34.5,-117.5,34.5000_-117.5000
2026-04-04,23.2,7,5.39,0.0,34.5,-116.5,34.5000_-116.5000
2026-04-05,27.4,4,4.32,0.0,34.5,-116.5,34.5000_-116.5000
2026-04-06,27.3,4,7.01,0.0,34.5,-116.5,34.5000_-116.5000
2026-04-07,28.3,9,9.04,0.0,34.5,-116.5,34.5000_-116.5000
2026-04-08,27.6,10,9.84,0.0,34.5,-116.5,34.5000_-116.5000
2026-04-09,27.3,14,12.89,0.0,34.5,-116.5,34.5000_-116.5000
2026-04-10,24.8,17,6.89,0.0,34.5,-116.5,34.5000_-116.5000
2026-04-04,29.8,4,6.54,0.0,34.5,-115.5,34.5000_-115.5000
2026-04-05,32.2,4,4.42,0.0,34.5,-115.5,34.5000_-115.5000
2026-04-06,33.4,5,4.41,0.0,34.5,-115.5,34.5000_-115.5000
2026-04-07,33.8,6,6.16,0.0,34.5,-115.5,34.5000_-115.5000
2026-04-08,33.9,8,4.91,0.0,34.5,-115.5,34.5000_-115.5000
2026-04-09,32.9,11,9.38,0.0,34.5,-115.5,34.5000_-115.5000
2026-04-10,30.9,14,8.16,0.0,34.5,-115.5,34.5000_-115.5000
2026-04-04,29.2,6,13.45,0.0,34.5,-114.5,34.5000_-114.5000
2026-04-05,33.1,5,8.83,0.0,34.5,-114.5,34.5000_-114.5000
2026-04-06,32.8,7,5.72,0.0,34.5,-114.5,34.5000_-114.5000
2026-04-07,33.1,6,7.22,0.0,34.5,-114.5,34.5000_-114.5000
2026-04-08,33.4,9,6.21,0.0,34.5,-114.5,34.5000_-114.5000
2026-04-09,33.0,10,6.77,0.0,34.5,-114.5,34.5000_-114.5000
2026-04-10,29.1,15,11.2,0.0,34.5,-114.5,34.5000_-114.5000
2026-04-04,14.1,75,7.64,0.0,35.5,-123.5,35.5000_-123.5000
2026-04-05,13.8,87,7.44,0.0,35.5,-123.5,35.5000_-123.5000
2026-04-06,14.1,85,8.79,0.0,35.5,-123.5,35.5000_-123.5000
2026-04-07,14.4,85,6.94,0.0,35.5,-123.5,35.5000_-123.5000
2026-04-08,16.1,87,6.61,0.0,35.5,-123.5,35.5000_-123.5000
2026-04-09,16.2,86,4.44,0.1,35.5,-123.5,35.5000_-123.5000
2026-04-10,15.2,83,7.91,2.7,35.5,-123.5,35.5000_-123.5000
2026-04-04,14.1,78,6.82,0.0,35.5,-122.5,35.5000_-122.5000
2026-04-05,13.3,87,8.64,0.0,35.5,-122.5,35.5000_-122.5000
2026-04-06,13.8,86,8.85,0.0,35.5,-122.5,35.5000_-122.5000
2026-04-07,13.9,87,9.62,0.0,35.5,-122.5,35.5000_-122.5000
2026-04-08,14.6,85,9.85,0.0,35.5,-122.5,35.5000_-122.5000
2026-04-09,15.6,87,6.07,0.1,35.5,-122.5,35.5000_-122.5000
2026-04-10,16.1,74,3.44,1.5,35.5,-122.5,35.5000_-122.5000
2026-04-04,14.6,69,4.94,0.0,35.5,-121.5,35.5000_-121.5000
2026-04-05,14.0,74,8.45,0.0,35.5,-121.5,35.5000_-121.5000
2026-04-06,14.4,81,9.56,0.0,35.5,-121.5,35.5000_-121.5000
2026-04-07,14.9,75,12.59,0.0,35.5,-121.5,35.5000_-121.5000
2026-04-08,15.1,71,15.15,0.0,35.5,-121.5,35.5000_-121.5000
2026-04-09,15.8,88,7.99,0.0,35.5,-121.5,35.5000_-121.5000
2026-04-10,15.6,83,6.41,1.5,35.5,-121.5,35.5000_-121.5000
2026-04-04,27.7,12,6.43,0.0,35.5,-120.5,35.5000_-120.5000
2026-04-05,28.4,13,6.12,0.0,35.5,-120.5,35.5000_-120.5000
2026-04-06,27.1,22,5.46,0.0,35.5,-120.5,35.5000_-120.5000
2026-04-07,26.4,22,5.85,0.0,35.5,-120.5,35.5000_-120.5000
2026-04-08,26.0,20,6.11,0.0,35.5,-120.5,35.5000_-120.5000
2026-04-09,24.8,38,7.71,0.7,35.5,-120.5,35.5000_-120.5000
2026-04-10,20.0,42,6.71,0.0,35.5,-120.5,35.5000_-120.5000
2026-04-04,29.0,13,4.26,0.0,35.5,-119.5,35.5000_-119.5000
2026-04-05,31.8,9,4.53,0.0,35.5,-119.5,35.5000_-119.5000
2026-04-06,31.5,9,4.2,0.0,35.5,-119.5,35.5000_-119.5000
2026-04-07,29.8,15,4.62,0.0,35.5,-119.5,35.5000_-119.5000
2026-04-08,28.5,15,4.43,0.0,35.5,-119.5,35.5000_-119.5000
2026-04-09,27.8,29,3.92,0.0,35.5,-119.5,35.5000_-119.5000
2026-04-10,27.4,30,5.8,2.9,35.5,-119.5,35.5000_-119.5000
2026-04-04,23.3,6,8.46,0.0,35.5,-118.5,35.5000_-118.5000
2026-04-05,25.1,7,6.28,0.0,35.5,-118.5,35.5000_-118.5000
2026-04-06,23.5,13,4.89,0.0,35.5,-118.5,35.5000_-118.5000
2026-04-07,20.6,25,4.57,0.0,35.5,-118.5,35.5000_-118.5000
2026-04-08,19.4,30,4.95,0.0,35.5,-118.5,35.5000_-118.5000
2026-04-09,18.5,39,5.12,0.0,35.5,-118.5,35.5000_-118.5000
2026-04-10,17.7,43,5.16,1.5,35.5,-118.5,35.5000_-118.5000
2026-04-04,25.4,6,7.57,0.0,35.5,-117.5,35.5000_-117.5000
2026-04-05,29.1,4,4.87,0.0,35.5,-117.5,35.5000_-117.5000
2026-04-06,28.5,4,4.84,0.0,35.5,-117.5,35.5000_-117.5000
2026-04-07,29.4,10,5.68,0.0,35.5,-117.5,35.5000_-117.5000
2026-04-08,29.0,11,6.41,0.0,35.5,-117.5,35.5000_-117.5000
2026-04-09,28.4,13,11.79,0.0,35.5,-117.5,35.5000_-117.5000
2026-04-10,24.7,21,13.0,0.8,35.5,-117.5,35.5000_-117.5000
2026-04-04,21.4,9,7.18,0.0,35.5,-116.5,35.5000_-116.5000
2026-04-05,26.0,6,5.77,0.0,35.5,-116.5,35.5000_-116.5000
2026-04-06,26.9,6,3.69,0.0,35.5,-116.5,35.5000_-116.5000
2026-04-07,27.4,6,4.7,0.0,35.5,-116.5,35.5000_-116.5000
2026-04-08,27.6,9,5.3,0.0,35.5,-116.5,35.5000_-116.5000
2026-04-09,26.4,11,11.05,0.0,35.5,-116.5,35.5000_-116.5000
2026-04-10,23.2,20,11.36,1.0,35.5,-116.5,35.5000_-116.5000
2026-04-04,20.1,7,7.68,0.0,35.5,-115.5,35.5000_-115.5000
2026-04-05,25.6,8,5.61,0.0,35.5,-115.5,35.5000_-115.5000
2026-04-06,25.2,8,6.44,0.0,35.5,-115.5,35.5000_-115.5000
2026-04-07,25.9,8,5.97,0.0,35.5,-115.5,35.5000_-115.5000
2026-04-08,25.3,10,7.3,0.0,35.5,-115.5,35.5000_-115.5000
2026-04-09,23.7,12,11.76,0.0,35.5,-115.5,35.5000_-115.5000
2026-04-10,21.0,24,11.68,0.0,35.5,-115.5,35.5000_-115.5000
2026-04-04,21.6,9,10.77,0.0,35.5,-114.5,35.5000_-114.5000
2026-04-05,26.2,8,8.7,0.0,35.5,-114.5,35.5000_-114.5000
2026-04-06,26.8,6,7.4,0.0,35.5,-114.5,35.5000_-114.5000
2026-04-07,27.1,6,5.71,0.0,35.5,-114.5,35.5000_-114.5000
2026-04-08,27.7,8,7.96,0.0,35.5,-114.5,35.5000_-114.5000
2026-04-09,27.3,10,10.06,0.0,35.5,-114.5,35.5000_-114.5000
2026-04-10,23.1,18,9.6,0.0,35.5,-114.5,35.5000_-114.5000
2026-04-04,13.8,77,8.1,0.0,36.5,-123.5,36.5000_-123.5000
2026-04-05,13.7,86,6.88,0.0,36.5,-123.5,36.5000_-123.5000
2026-04-06,13.8,86,8.28,0.0,36.5,-123.5,36.5000_-123.5000
2026-04-07,13.9,85,6.68,0.0,36.5,-123.5,36.5000_-123.5000
2026-04-08,15.9,84,6.24,0.0,36.5,-123.5,36.5000_-123.5000
2026-04-09,16.0,86,4.31,0.1,36.5,-123.5,36.5000_-123.5000
2026-04-10,15.2,86,7.5,3.6,36.5,-123.5,36.5000_-123.5000
2026-04-04,14.7,70,8.94,0.0,36.5,-122.5,36.5000_-122.5000
2026-04-05,14.4,85,8.54,0.0,36.5,-122.5,36.5000_-122.5000
2026-04-06,13.9,81,8.63,0.0,36.5,-122.5,36.5000_-122.5000
2026-04-07,13.9,82,8.56,0.0,36.5,-122.5,36.5000_-122.5000
2026-04-08,15.1,81,9.13,0.0,36.5,-122.5,36.5000_-122.5000
2026-04-09,15.6,86,5.23,0.1,36.5,-122.5,36.5000_-122.5000
2026-04-10,15.4,84,4.33,2.7,36.5,-122.5,36.5000_-122.5000
2026-04-04,30.1,11,8.55,0.0,36.5,-121.5,36.5000_-121.5000
2026-04-05,30.7,10,7.71,0.0,36.5,-121.5,36.5000_-121.5000
2026-04-06,24.1,30,6.97,0.0,36.5,-121.5,36.5000_-121.5000
2026-04-07,23.5,33,5.59,0.0,36.5,-121.5,36.5000_-121.5000
2026-04-08,25.2,39,6.16,0.0,36.5,-121.5,36.5000_-121.5000
2026-04-09,21.3,61,6.17,2.5,36.5,-121.5,36.5000_-121.5000
2026-04-10,19.7,61,5.55,2.1,36.5,-121.5,36.5000_-121.5000
2026-04-04,27.0,12,3.86,0.0,36.5,-120.5,36.5000_-120.5000
2026-04-05,29.4,9,4.48,0.0,36.5,-120.5,36.5000_-120.5000
2026-04-06,29.1,9,6.31,0.0,36.5,-120.5,36.5000_-120.5000
2026-04-07,26.9,18,5.6,0.0,36.5,-120.5,36.5000_-120.5000
2026-04-08,26.0,19,6.18,0.0,36.5,-120.5,36.5000_-120.5000
2026-04-09,24.2,38,5.04,0.5,36.5,-120.5,36.5000_-120.5000
2026-04-10,21.3,36,5.81,0.0,36.5,-120.5,36.5000_-120.5000
2026-04-04,27.6,20,2.88,0.0,36.5,-119.5,36.5000_-119.5000
2026-04-05,30.9,13,2.94,0.0,36.5,-119.5,36.5000_-119.5000
2026-04-06,30.6,13,4.52,0.0,36.5,-119.5,36.5000_-119.5000
2026-04-07,28.6,18,5.55,0.0,36.5,-119.5,36.5000_-119.5000
2026-04-08,26.9,20,5.74,0.0,36.5,-119.5,36.5000_-119.5000
2026-04-09,26.7,32,5.1,0.0,36.5,-119.5,36.5000_-119.5000
2026-04-10,26.1,32,5.97,1.2,36.5,-119.5,36.5000_-119.5000
2026-04-04,6.9,9,4.04,0.0,36.5,-118.5,36.5000_-118.5000
2026-04-05,7.2,7,3.54,0.0,36.5,-118.5,36.5000_-118.5000
2026-04-06,10.4,22,5.26,0.0,36.5,-118.5,36.5000_-118.5000
2026-04-07,12.0,19,3.52,0.0,36.5,-118.5,36.5000_-118.5000
2026-04-08,10.8,24,4.1,0.0,36.5,-118.5,36.5000_-118.5000
2026-04-09,7.5,42,3.85,0.2,36.5,-118.5,36.5000_-118.5000
2026-04-10,5.0,54,3.21,2.7,36.5,-118.5,36.5000_-118.5000
2026-04-04,20.5,7,12.5,0.0,36.5,-117.5,36.5000_-117.5000
2026-04-05,23.4,6,7.39,0.0,36.5,-117.5,36.5000_-117.5000
2026-04-06,23.6,5,3.45,0.0,36.5,-117.5,36.5000_-117.5000
2026-04-07,24.7,7,4.84,0.0,36.5,-117.5,36.5000_-117.5000
2026-04-08,24.5,13,6.22,0.0,36.5,-117.5,36.5000_-117.5000
2026-04-09,23.7,15,7.92,0.0,36.5,-117.5,36.5000_-117.5000
2026-04-10,21.5,21,10.41,0.0,36.5,-117.5,36.5000_-117.5000
2026-04-04,26.2,5,5.47,0.0,36.5,-116.5,36.5000_-116.5000
2026-04-05,29.6,4,4.49,0.0,36.5,-116.5,36.5000_-116.5000
2026-04-06,29.1,4,3.4,0.0,36.5,-116.5,36.5000_-116.5000
2026-04-07,29.9,5,3.44,0.0,36.5,-116.5,36.5000_-116.5000
2026-04-08,29.9,8,6.54,0.0,36.5,-116.5,36.5000_-116.5000
2026-04-09,28.7,10,6.84,0.0,36.5,-116.5,36.5000_-116.5000
2026-04-10,26.5,19,9.14,0.0,36.5,-116.5,36.5000_-116.5000
2026-04-04,23.3,7,5.1,0.0,36.5,-115.5,36.5000_-115.5000
2026-04-05,26.9,6,7.53,0.0,36.5,-115.5,36.5000_-115.5000
2026-04-06,26.8,8,6.91,0.0,36.5,-115.5,36.5000_-115.5000
2026-04-07,27.9,9,6.79,0.0,36.5,-115.5,36.5000_-115.5000
2026-04-08,28.0,10,7.06,0.0,36.5,-115.5,36.5000_-115.5000
2026-04-09,27.6,12,4.2,0.0,36.5,-115.5,36.5000_-115.5000
2026-04-10,24.1,15,2.53,0.0,36.5,-115.5,36.5000_-115.5000
2026-04-04,26.7,7,6.55,0.0,36.5,-114.5,36.5000_-114.5000
2026-04-05,30.8,6,5.96,0.0,36.5,-114.5,36.5000_-114.5000
2026-04-06,31.6,7,4.02,0.0,36.5,-114.5,36.5000_-114.5000
2026-04-07,31.8,6,3.98,0.0,36.5,-114.5,36.5000_-114.5000
2026-04-08,32.3,7,5.78,0.0,36.5,-114.5,36.5000_-114.5000
2026-04-09,32.7,8,10.03,0.0,36.5,-114.5,36.5000_-114.5000
2026-04-10,28.4,13,9.68,0.0,36.5,-114.5,36.5000_-114.5000
2026-04-04,13.2,76,7.12,0.0,37.5,-123.5,37.5000_-123.5000
2026-04-05,13.0,89,6.46,0.0,37.5,-123.5,37.5000_-123.5000
2026-04-06,13.1,86,7.62,0.0,37.5,-123.5,37.5000_-123.5000
2026-04-07,13.1,86,7.48,0.0,37.5,-123.5,37.5000_-123.5000
2026-04-08,14.9,84,7.31,0.0,37.5,-123.5,37.5000_-123.5000
2026-04-09,15.1,83,4.24,0.0,37.5,-123.5,37.5000_-123.5000
2026-04-10,14.6,83,7.09,0.0,37.5,-123.5,37.5000_-123.5000
2026-04-04,24.5,33,5.8,0.0,37.5,-122.5,37.5000_-122.5000
2026-04-05,22.8,30,5.95,0.0,37.5,-122.5,37.5000_-122.5000
2026-04-06,20.1,37,4.72,0.0,37.5,-122.5,37.5000_-122.5000
2026-04-07,19.2,43,4.37,0.0,37.5,-122.5,37.5000_-122.5000
2026-04-08,20.8,55,4.16,0.0,37.5,-122.5,37.5000_-122.5000
2026-04-09,18.9,68,4.48,0.5,37.5,-122.5,37.5000_-122.5000
2026-04-10,21.8,42,4.4,0.0,37.5,-122.5,37.5000_-122.5000
2026-04-04,22.9,14,4.54,0.0,37.5,-121.5,37.5000_-121.5000
2026-04-05,23.6,18,4.56,0.0,37.5,-121.5,37.5000_-121.5000
2026-04-06,22.6,20,3.8,0.0,37.5,-121.5,37.5000_-121.5000
2026-04-07,20.7,24,3.61,0.0,37.5,-121.5,37.5000_-121.5000
2026-04-08,20.2,26,4.4,0.0,37.5,-121.5,37.5000_-121.5000
2026-04-09,18.1,49,3.42,1.3,37.5,-121.5,37.5000_-121.5000
2026-04-10,15.9,58,3.3,1.6,37.5,-121.5,37.5000_-121.5000
2026-04-04,27.0,25,2.66,0.0,37.5,-120.5,37.5000_-120.5000
2026-04-05,29.5,18,3.01,0.0,37.5,-120.5,37.5000_-120.5000
2026-04-06,29.3,17,4.72,0.0,37.5,-120.5,37.5000_-120.5000
2026-04-07,25.8,28,4.83,0.0,37.5,-120.5,37.5000_-120.5000
2026-04-08,25.1,34,5.02,0.0,37.5,-120.5,37.5000_-120.5000
2026-04-09,24.1,45,4.36,0.1,37.5,-120.5,37.5000_-120.5000
2026-04-10,22.9,41,2.79,3.0,37.5,-120.5,37.5000_-120.5000
2026-04-04,13.7,13,5.1,0.0,37.5,-119.5,37.5000_-119.5000
2026-04-05,11.7,16,3.41,0.0,37.5,-119.5,37.5000_-119.5000
2026-04-06,13.1,20,4.49,0.0,37.5,-119.5,37.5000_-119.5000
2026-04-07,13.5,24,4.52,0.0,37.5,-119.5,37.5000_-119.5000
2026-04-08,11.8,27,4.79,0.1,37.5,-119.5,37.5000_-119.5000
2026-04-09,7.9,51,3.75,2.3,37.5,-119.5,37.5000_-119.5000
2026-04-10,6.7,53,3.11,1.5,37.5,-119.5,37.5000_-119.5000
2026-04-04,20.1,7,4.99,0.0,37.5,-118.5,37.5000_-118.5000
2026-04-05,22.6,5,4.65,0.0,37.5,-118.5,37.5000_-118.5000
2026-04-06,22.4,6,6.45,0.0,37.5,-118.5,37.5000_-118.5000
2026-04-07,23.1,10,6.58,0.0,37.5,-118.5,37.5000_-118.5000
2026-04-08,23.3,11,5.22,0.0,37.5,-118.5,37.5000_-118.5000
2026-04-09,22.2,14,6.94,0.0,37.5,-118.5,37.5000_-118.5000
2026-04-10,18.5,25,7.11,0.5,37.5,-118.5,37.5000_-118.5000
2026-04-04,14.2,10,4.46,0.0,37.5,-117.5,37.5000_-117.5000
2026-04-05,17.3,9,5.52,0.0,37.5,-117.5,37.5000_-117.5000
2026-04-06,17.4,7,5.74,0.0,37.5,-117.5,37.5000_-117.5000
2026-04-07,18.0,11,3.22,0.0,37.5,-117.5,37.5000_-117.5000
2026-04-08,18.1,15,3.05,0.0,37.5,-117.5,37.5000_-117.5000
2026-04-09,17.9,15,4.94,0.0,37.5,-117.5,37.5000_-117.5000
2026-04-10,15.8,22,8.81,4.2,37.5,-117.5,37.5000_-117.5000
2026-04-04,19.3,7,5.35,0.0,37.5,-116.5,37.5000_-116.5000
2026-04-05,22.9,5,5.12,0.0,37.5,-116.5,37.5000_-116.5000
2026-04-06,22.2,5,5.07,0.0,37.5,-116.5,37.5000_-116.5000
2026-04-07,22.3,8,5.19,0.0,37.5,-116.5,37.5000_-116.5000
2026-04-08,22.8,12,6.16,0.0,37.5,-116.5,37.5000_-116.5000
2026-04-09,22.3,13,7.27,0.0,37.5,-116.5,37.5000_-116.5000
2026-04-10,20.2,23,9.84,0.0,37.5,-116.5,37.5000_-116.5000
2026-04-04,20.0,7,5.2,0.0,37.5,-115.5,37.5000_-115.5000
2026-04-05,23.2,6,7.02,0.0,37.5,-115.5,37.5000_-115.5000
2026-04-06,22.6,5,4.21,0.0,37.5,-115.5,37.5000_-115.5000
2026-04-07,23.7,9,7.07,0.0,37.5,-115.5,37.5000_-115.5000
2026-04-08,23.8,12,7.39,0.0,37.5,-115.5,37.5000_-115.5000
2026-04-09,23.2,13,8.3,0.0,37.5,-115.5,37.5000_-115.5000
2026-04-10,20.0,23,9.63,0.0,37.5,-115.5,37.5000_-115.5000
2026-04-04,15.6,11,8.25,0.0,37.5,-114.5,37.5000_-114.5000
2026-04-05,18.4,10,8.04,0.0,37.5,-114.5,37.5000_-114.5000
2026-04-06,19.8,11,6.4,0.0,37.5,-114.5,37.5000_-114.5000
2026-04-07,20.8,11,6.53,0.0,37.5,-114.5,37.5000_-114.5000
2026-04-08,20.6,11,7.5,0.0,37.5,-114.5,37.5000_-114.5000
2026-04-09,19.9,13,9.54,0.0,37.5,-114.5,37.5000_-114.5000
2026-04-10,16.2,21,10.92,0.0,37.5,-114.5,37.5000_-114.5000
2026-04-04,13.1,75,4.75,0.0,38.5,-123.5,38.5000_-123.5000
2026-04-05,12.5,66,6.22,0.0,38.5,-123.5,38.5000_-123.5000
2026-04-06,12.4,79,8.41,0.0,38.5,-123.5,38.5000_-123.5000
2026-04-07,12.6,82,9.6,0.0,38.5,-123.5,38.5000_-123.5000
2026-04-08,12.9,72,9.96,0.0,38.5,-123.5,38.5000_-123.5000
2026-04-09,13.1,82,3.56,0.0,38.5,-123.5,38.5000_-123.5000
2026-04-10,11.9,85,7.28,0.0,38.5,-123.5,38.5000_-123.5000
2026-04-04,26.7,15,4.12,0.0,38.5,-122.5,38.5000_-122.5000
2026-04-05,27.2,18,3.94,0.0,38.5,-122.5,38.5000_-122.5000
2026-04-06,25.9,24,4.21,0.0,38.5,-122.5,38.5000_-122.5000
2026-04-07,24.6,25,3.57,0.0,38.5,-122.5,38.5000_-122.5000
2026-04-08,22.9,37,5.15,0.2,38.5,-122.5,38.5000_-122.5000
2026-04-09,21.0,47,4.1,0.0,38.5,-122.5,38.5000_-122.5000
2026-04-10,22.1,39,4.0,0.0,38.5,-122.5,38.5000_-122.5000
2026-04-04,27.5,17,2.48,0.0,38.5,-121.5,38.5000_-121.5000
2026-04-05,29.3,18,2.28,0.0,38.5,-121.5,38.5000_-121.5000
2026-04-06,28.7,21,3.47,0.0,38.5,-121.5,38.5000_-121.5000
2026-04-07,25.1,34,5.69,0.0,38.5,-121.5,38.5000_-121.5000
2026-04-08,24.9,33,4.55,0.0,38.5,-121.5,38.5000_-121.5000
2026-04-09,24.8,46,6.38,0.1,38.5,-121.5,38.5000_-121.5000
2026-04-10,22.4,46,5.11,0.3,38.5,-121.5,38.5000_-121.5000
2026-04-04,18.6,23,5.77,0.0,38.5,-120.5,38.5000_-120.5000
2026-04-05,19.4,29,3.72,0.0,38.5,-120.5,38.5000_-120.5000
2026-04-06,20.0,26,4.33,0.0,38.5,-120.5,38.5000_-120.5000
2026-04-07,19.3,28,3.72,0.0,38.5,-120.5,38.5000_-120.5000
2026-04-08,17.6,32,4.06,0.8,38.5,-120.5,38.5000_-120.5000
2026-04-09,15.3,60,3.35,4.0,38.5,-120.5,38.5000_-120.5000
2026-04-10,13.5,61,2.91,2.4,38.5,-120.5,38.5000_-120.5000
2026-04-04,15.7,13,6.96,0.0,38.5,-119.5,38.5000_-119.5000
2026-04-05,19.3,13,4.97,0.0,38.5,-119.5,38.5000_-119.5000
2026-04-06,18.8,15,6.99,0.0,38.5,-119.5,38.5000_-119.5000
2026-04-07,18.9,16,6.87,0.0,38.5,-119.5,38.5000_-119.5000
2026-04-08,17.9,21,7.54,0.0,38.5,-119.5,38.5000_-119.5000
2026-04-09,14.1,38,4.61,0.0,38.5,-119.5,38.5000_-119.5000
2026-04-10,12.0,46,3.26,1.8,38.5,-119.5,38.5000_-119.5000
2026-04-04,18.9,10,4.68,0.0,38.5,-118.5,38.5000_-118.5000
2026-04-05,23.5,4,5.16,0.0,38.5,-118.5,38.5000_-118.5000
2026-04-06,23.2,5,5.55,0.0,38.5,-118.5,38.5000_-118.5000
2026-04-07,21.4,10,6.53,0.0,38.5,-118.5,38.5000_-118.5000
2026-04-08,21.6,11,7.28,0.0,38.5,-118.5,38.5000_-118.5000
2026-04-09,18.1,27,10.22,0.0,38.5,-118.5,38.5000_-118.5000
2026-04-10,15.2,40,3.81,1.3,38.5,-118.5,38.5000_-118.5000
2026-04-04,19.1,8,5.09,0.0,38.5,-117.5,38.5000_-117.5000
2026-04-05,21.3,5,5.3,0.0,38.5,-117.5,38.5000_-117.5000
2026-04-06,21.0,6,4.18,0.0,38.5,-117.5,38.5000_-117.5000
2026-04-07,21.0,11,7.7,0.0,38.5,-117.5,38.5000_-117.5000
2026-04-08,20.1,12,7.51,0.0,38.5,-117.5,38.5000_-117.5000
2026-04-09,20.4,15,13.23,0.3,38.5,-117.5,38.5000_-117.5000
2026-04-10,18.1,24,8.73,9.8,38.5,-117.5,38.5000_-117.5000
2026-04-04,15.7,9,4.5,0.0,38.5,-116.5,38.5000_-116.5000
2026-04-05,18.6,8,4.11,0.0,38.5,-116.5,38.5000_-116.5000
2026-04-06,18.3,8,5.23,0.0,38.5,-116.5,38.5000_-116.5000
2026-04-07,18.7,12,8.43,0.0,38.5,-116.5,38.5000_-116.5000
2026-04-08,18.3,12,7.67,0.0,38.5,-116.5,38.5000_-116.5000
2026-04-09,17.3,17,8.31,0.2,38.5,-116.5,38.5000_-116.5000
2026-04-10,14.0,32,6.87,4.9,38.5,-116.5,38.5000_-116.5000
2026-04-04,16.8,13,7.28,0.0,38.5,-115.5,38.5000_-115.5000
2026-04-05,20.0,9,8.92,0.0,38.5,-115.5,38.5000_-115.5000
2026-04-06,19.7,7,6.06,0.0,38.5,-115.5,38.5000_-115.5000
2026-04-07,20.9,10,3.55,0.0,38.5,-115.5,38.5000_-115.5000
2026-04-08,21.1,11,6.94,0.0,38.5,-115.5,38.5000_-115.5000
2026-04-09,20.1,15,8.19,0.0,38.5,-115.5,38.5000_-115.5000
2026-04-10,17.5,21,7.81,2.1,38.5,-115.5,38.5000_-115.5000
2026-04-04,15.0,11,10.74,0.0,38.5,-114.5,38.5000_-114.5000
2026-04-05,19.7,7,11.01,0.0,38.5,-114.5,38.5000_-114.5000
2026-04-06,19.2,6,7.53,0.0,38.5,-114.5,38.5000_-114.5000
2026-04-07,19.8,14,7.81,0.0,38.5,-114.5,38.5000_-114.5000
2026-04-08,19.7,15,7.82,0.0,38.5,-114.5,38.5000_-114.5000
2026-04-09,19.2,17,7.86,0.1,38.5,-114.5,38.5000_-114.5000
2026-04-10,17.3,23,9.26,0.3,38.5,-114.5,38.5000_-114.5000
2026-04-04,23.0,20,4.41,0.0,39.5,-123.5,39.5000_-123.5000
2026-04-05,21.3,29,3.91,0.0,39.5,-123.5,39.5000_-123.5000
2026-04-06,20.3,37,3.07,0.0,39.5,-123.5,39.5000_-123.5000
2026-04-07,19.4,35,3.26,0.0,39.5,-123.5,39.5000_-123.5000
2026-04-08,19.2,40,3.7,0.0,39.5,-123.5,39.5000_-123.5000
2026-04-09,17.9,56,3.86,0.0,39.5,-123.5,39.5000_-123.5000
2026-04-10,18.2,59,3.5,0.0,39.5,-123.5,39.5000_-123.5000
2026-04-04,25.3,14,6.38,0.0,39.5,-122.5,39.5000_-122.5000
2026-04-05,25.8,14,3.4,0.0,39.5,-122.5,39.5000_-122.5000
2026-04-06,25.6,19,3.85,0.0,39.5,-122.5,39.5000_-122.5000
2026-04-07,23.4,37,3.21,0.0,39.5,-122.5,39.5000_-122.5000
2026-04-08,21.4,37,3.32,0.0,39.5,-122.5,39.5000_-122.5000
2026-04-09,21.3,44,3.52,0.0,39.5,-122.5,39.5000_-122.5000
2026-04-10,21.1,45,3.37,0.6,39.5,-122.5,39.5000_-122.5000
2026-04-04,27.3,22,3.79,0.0,39.5,-121.5,39.5000_-121.5000
2026-04-05,28.1,18,3.54,0.0,39.5,-121.5,39.5000_-121.5000
2026-04-06,27.8,17,3.63,0.0,39.5,-121.5,39.5000_-121.5000
2026-04-07,24.6,42,2.6,0.0,39.5,-121.5,39.5000_-121.5000
2026-04-08,22.9,41,3.16,0.0,39.5,-121.5,39.5000_-121.5000
2026-04-09,22.4,45,3.26,4.2,39.5,-121.5,39.5000_-121.5000
2026-04-10,22.6,44,2.88,0.3,39.5,-121.5,39.5000_-121.5000
2026-04-04,10.9,26,7.62,0.0,39.5,-120.5,39.5000_-120.5000
2026-04-05,12.8,24,4.13,0.0,39.5,-120.5,39.5000_-120.5000
2026-04-06,15.3,20,4.9,0.0,39.5,-120.5,39.5000_-120.5000
2026-04-07,14.6,29,4.97,0.0,39.5,-120.5,39.5000_-120.5000
2026-04-08,13.2,42,5.55,0.0,39.5,-120.5,39.5000_-120.5000
2026-04-09,10.8,50,5.44,0.5,39.5,-120.5,39.5000_-120.5000
2026-04-10,10.1,51,4.26,1.2,39.5,-120.5,39.5000_-120.5000
2026-04-04,14.2,12,6.31,0.0,39.5,-119.5,39.5000_-119.5000
2026-04-05,18.5,9,4.99,0.0,39.5,-119.5,39.5000_-119.5000
2026-04-06,18.1,13,5.92,0.0,39.5,-119.5,39.5000_-119.5000
2026-04-07,18.1,16,8.9,0.0,39.5,-119.5,39.5000_-119.5000
2026-04-08,16.8,22,9.12,0.2,39.5,-119.5,39.5000_-119.5000
2026-04-09,14.5,27,8.61,0.0,39.5,-119.5,39.5000_-119.5000
2026-04-10,12.6,36,4.1,0.9,39.5,-119.5,39.5000_-119.5000
2026-04-04,20.8,9,4.94,0.0,39.5,-118.5,39.5000_-118.5000
2026-04-05,25.5,4,5.32,0.0,39.5,-118.5,39.5000_-118.5000
2026-04-06,25.2,4,4.7,0.0,39.5,-118.5,39.5000_-118.5000
2026-04-07,22.9,12,3.81,0.0,39.5,-118.5,39.5000_-118.5000
2026-04-08,22.6,14,11.79,0.2,39.5,-118.5,39.5000_-118.5000
2026-04-09,19.6,24,4.47,1.9,39.5,-118.5,39.5000_-118.5000
2026-04-10,19.4,25,6.46,0.0,39.5,-118.5,39.5000_-118.5000
2026-04-04,17.3,8,4.08,0.0,39.5,-117.5,39.5000_-117.5000
2026-04-05,20.1,7,3.82,0.0,39.5,-117.5,39.5000_-117.5000
2026-04-06,20.0,7,5.94,0.0,39.5,-117.5,39.5000_-117.5000
2026-04-07,18.0,15,6.81,0.0,39.5,-117.5,39.5000_-117.5000
2026-04-08,16.9,20,7.74,0.0,39.5,-117.5,39.5000_-117.5000
2026-04-09,16.4,24,11.01,0.6,39.5,-117.5,39.5000_-117.5000
2026-04-10,12.8,41,3.31,1.2,39.5,-117.5,39.5000_-117.5000
2026-04-04,16.3,9,3.98,0.0,39.5,-116.5,39.5000_-116.5000
2026-04-05,19.9,7,5.94,0.0,39.5,-116.5,39.5000_-116.5000
2026-04-06,19.8,6,5.78,0.0,39.5,-116.5,39.5000_-116.5000
2026-04-07,18.4,13,9.13,0.0,39.5,-116.5,39.5000_-116.5000
2026-04-08,18.1,18,8.82,0.0,39.5,-116.5,39.5000_-116.5000
2026-04-09,17.1,22,10.69,0.3,39.5,-116.5,39.5000_-116.5000
2026-04-10,12.6,45,4.46,3.6,39.5,-116.5,39.5000_-116.5000
2026-04-04,14.8,9,4.61,0.0,39.5,-115.5,39.5000_-115.5000
2026-04-05,18.1,8,4.44,0.0,39.5,-115.5,39.5000_-115.5000
2026-04-06,17.7,7,4.53,0.0,39.5,-115.5,39.5000_-115.5000
2026-04-07,17.2,12,8.42,0.0,39.5,-115.5,39.5000_-115.5000
2026-04-08,17.3,17,9.43,0.0,39.5,-115.5,39.5000_-115.5000
2026-04-09,16.9,17,8.54,0.1,39.5,-115.5,39.5000_-115.5000
2026-04-10,14.7,29,7.61,1.2,39.5,-115.5,39.5000_-115.5000
2026-04-04,15.6,12,5.37,0.0,39.5,-114.5,39.5000_-114.5000
2026-04-05,20.2,6,6.48,0.0,39.5,-114.5,39.5000_-114.5000
2026-04-06,20.0,7,4.24,0.0,39.5,-114.5,39.5000_-114.5000
2026-04-07,19.8,12,8.04,0.0,39.5,-114.5,39.5000_-114.5000
2026-04-08,19.9,16,9.57,0.0,39.5,-114.5,39.5000_-114.5000
2026-04-09,19.4,19,9.08,1.6,39.5,-114.5,39.5000_-114.5000
2026-04-10,17.8,25,11.71,0.9,39.5,-114.5,39.5000_-114.5000
2026-04-04,14.4,24,3.93,0.0,40.5,-123.5,40.5000_-123.5000
2026-04-05,14.1,4,4.03,0.0,40.5,-123.5,40.5000_-123.5000
2026-04-06,16.3,26,3.91,0.0,40.5,-123.5,40.5000_-123.5000
2026-04-07,14.8,21,2.84,0.0,40.5,-123.5,40.5000_-123.5000
2026-04-08,13.6,27,3.81,0.1,40.5,-123.5,40.5000_-123.5000
2026-04-09,11.3,54,3.49,0.6,40.5,-123.5,40.5000_-123.5000
2026-04-10,13.0,50,2.32,0.4,40.5,-123.5,40.5000_-123.5000
2026-04-04,27.8,16,5.74,0.0,40.5,-122.5,40.5000_-122.5000
2026-04-05,27.6,17,2.95,0.0,40.5,-122.5,40.5000_-122.5000
2026-04-06,27.5,17,2.79,0.0,40.5,-122.5,40.5000_-122.5000
2026-04-07,25.0,35,2.64,0.0,40.5,-122.5,40.5000_-122.5000
2026-04-08,23.6,38,2.98,0.0,40.5,-122.5,40.5000_-122.5000
2026-04-09,23.2,40,3.1,3.4,40.5,-122.5,40.5000_-122.5000
2026-04-10,23.3,39,2.66,0.0,40.5,-122.5,40.5000_-122.5000
2026-04-04,6.2,23,6.75,0.0,40.5,-121.5,40.5000_-121.5000
2026-04-05,7.6,24,7.88,0.0,40.5,-121.5,40.5000_-121.5000
2026-04-06,11.0,14,5.28,0.0,40.5,-121.5,40.5000_-121.5000
2026-04-07,10.0,29,3.54,0.0,40.5,-121.5,40.5000_-121.5000
2026-04-08,9.0,31,4.14,0.0,40.5,-121.5,40.5000_-121.5000
2026-04-09,6.8,48,3.64,1.5,40.5,-121.5,40.5000_-121.5000
2026-04-10,6.7,48,3.04,0.5,40.5,-121.5,40.5000_-121.5000
2026-04-04,17.9,11,5.76,0.0,40.5,-120.5,40.5000_-120.5000
2026-04-05,20.0,9,5.99,0.0,40.5,-120.5,40.5000_-120.5000
2026-04-06,19.5,16,6.2,0.0,40.5,-120.5,40.5000_-120.5000
2026-04-07,19.9,19,7.62,0.0,40.5,-120.5,40.5000_-120.5000
2026-04-08,18.9,19,7.6,0.0,40.5,-120.5,40.5000_-120.5000
2026-04-09,16.9,28,9.12,1.2,40.5,-120.5,40.5000_-120.5000
2026-04-10,15.8,27,5.91,0.0,40.5,-120.5,40.5000_-120.5000
2026-04-04,18.4,13,6.26,0.0,40.5,-119.5,40.5000_-119.5000
2026-04-05,22.1,7,5.48,0.0,40.5,-119.5,40.5000_-119.5000
2026-04-06,22.0,6,9.44,0.0,40.5,-119.5,40.5000_-119.5000
2026-04-07,20.3,12,9.66,0.0,40.5,-119.5,40.5000_-119.5000
2026-04-08,21.0,19,9.12,0.0,40.5,-119.5,40.5000_-119.5000
2026-04-09,18.6,27,8.87,0.2,40.5,-119.5,40.5000_-119.5000
2026-04-10,16.6,27,5.83,1.2,40.5,-119.5,40.5000_-119.5000
2026-04-04,18.5,10,3.73,0.0,40.5,-118.5,40.5000_-118.5000
2026-04-05,22.0,6,5.12,0.0,40.5,-118.5,40.5000_-118.5000
2026-04-06,21.7,6,5.19,0.0,40.5,-118.5,40.5000_-118.5000
2026-04-07,20.5,13,7.3,0.0,40.5,-118.5,40.5000_-118.5000
2026-04-08,19.4,22,6.8,0.0,40.5,-118.5,40.5000_-118.5000
2026-04-09,18.4,25,7.76,0.7,40.5,-118.5,40.5000_-118.5000
2026-04-10,16.8,25,5.19,0.3,40.5,-118.5,40.5000_-118.5000
2026-04-04,10.9,18,5.69,0.0,40.5,-117.5,40.5000_-117.5000
2026-04-05,15.3,10,4.66,0.0,40.5,-117.5,40.5000_-117.5000
2026-04-06,15.2,9,2.8,0.0,40.5,-117.5,40.5000_-117.5000
2026-04-07,15.0,16,8.04,0.0,40.5,-117.5,40.5000_-117.5000
2026-04-08,13.6,23,8.05,0.0,40.5,-117.5,40.5000_-117.5000
2026-04-09,12.9,27,6.69,1.0,40.5,-117.5,40.5000_-117.5000
2026-04-10,12.0,26,3.98,1.0,40.5,-117.5,40.5000_-117.5000
2026-04-04,18.4,13,3.3,0.0,40.5,-116.5,40.5000_-116.5000
2026-04-05,22.2,7,4.32,0.0,40.5,-116.5,40.5000_-116.5000
2026-04-06,22.1,8,4.22,0.0,40.5,-116.5,40.5000_-116.5000
2026-04-07,21.1,16,7.47,0.0,40.5,-116.5,40.5000_-116.5000
2026-04-08,19.8,23,7.3,0.0,40.5,-116.5,40.5000_-116.5000
2026-04-09,18.8,26,6.58,0.0,40.5,-116.5,40.5000_-116.5000
2026-04-10,17.5,29,4.34,0.9,40.5,-116.5,40.5000_-116.5000
2026-04-04,2.1,17,6.52,0.0,40.5,-115.5,40.5000_-115.5000
2026-04-05,12.2,18,9.34,0.0,40.5,-115.5,40.5000_-115.5000
2026-04-06,12.7,14,7.74,0.0,40.5,-115.5,40.5000_-115.5000
2026-04-07,12.4,21,8.63,0.0,40.5,-115.5,40.5000_-115.5000
2026-04-08,11.3,29,9.6,0.0,40.5,-115.5,40.5000_-115.5000
2026-04-09,10.4,35,9.3,0.1,40.5,-115.5,40.5000_-115.5000
2026-04-10,9.2,39,2.33,2.9,40.5,-115.5,40.5000_-115.5000
2026-04-04,14.7,19,4.08,0.0,40.5,-114.5,40.5000_-114.5000
2026-04-05,18.7,12,3.19,0.0,40.5,-114.5,40.5000_-114.5000
2026-04-06,19.3,14,5.03,0.0,40.5,-114.5,40.5000_-114.5000
2026-04-07,18.9,17,9.43,0.0,40.5,-114.5,40.5000_-114.5000
2026-04-08,18.4,22,8.85,0.0,40.5,-114.5,40.5000_-114.5000
2026-04-09,17.9,24,8.05,0.0,40.5,-114.5,40.5000_-114.5000
2026-04-10,15.0,36,3.2,2.6,40.5,-114.5,40.5000_-114.5000
2026-04-04,22.0,38,3.4,0.0,41.5,-123.5,41.5000_-123.5000
2026-04-05,21.4,41,2.02,0.0,41.5,-123.5,41.5000_-123.5000
2026-04-06,23.9,29,3.13,0.0,41.5,-123.5,41.5000_-123.5000
2026-04-07,22.0,21,2.64,0.0,41.5,-123.5,41.5000_-123.5000
2026-04-08,21.3,21,3.05,0.0,41.5,-123.5,41.5000_-123.5000
2026-04-09,21.5,36,2.88,0.0,41.5,-123.5,41.5000_-123.5000
2026-04-10,20.1,46,3.14,0.3,41.5,-123.5,41.5000_-123.5000
2026-04-04,22.2,20,2.12,0.0,41.5,-122.5,41.5000_-122.5000
2026-04-05,23.6,18,7.62,0.0,41.5,-122.5,41.5000_-122.5000
2026-04-06,22.9,21,7.3,0.0,41.5,-122.5,41.5000_-122.5000
2026-04-07,22.6,25,2.92,0.2,41.5,-122.5,41.5000_-122.5000
2026-04-08,20.3,23,3.71,0.0,41.5,-122.5,41.5000_-122.5000
2026-04-09,20.7,24,3.45,0.0,41.5,-122.5,41.5000_-122.5000
2026-04-10,19.2,38,3.67,0.3,41.5,-122.5,41.5000_-122.5000
2026-04-04,15.7,19,4.1,0.0,41.5,-121.5,41.5000_-121.5000
2026-04-05,16.1,15,4.24,0.0,41.5,-121.5,41.5000_-121.5000
2026-04-06,18.4,24,4.73,0.0,41.5,-121.5,41.5000_-121.5000
2026-04-07,17.8,22,3.68,0.0,41.5,-121.5,41.5000_-121.5000
2026-04-08,16.1,24,3.91,0.0,41.5,-121.5,41.5000_-121.5000
2026-04-09,13.8,44,5.14,1.5,41.5,-121.5,41.5000_-121.5000
2026-04-10,15.6,36,4.66,0.0,41.5,-121.5,41.5000_-121.5000
2026-04-04,20.6,15,3.88,0.0,41.5,-120.5,41.5000_-120.5000
2026-04-05,22.9,8,4.56,0.0,41.5,-120.5,41.5000_-120.5000
2026-04-06,22.6,8,6.24,0.0,41.5,-120.5,41.5000_-120.5000
2026-04-07,19.4,23,6.66,0.0,41.5,-120.5,41.5000_-120.5000
2026-04-08,17.8,27,7.51,0.0,41.5,-120.5,41.5000_-120.5000
2026-04-09,17.1,34,7.27,2.0,41.5,-120.5,41.5000_-120.5000
2026-04-10,16.7,37,5.48,0.9,41.5,-120.5,41.5000_-120.5000
2026-04-04,14.7,12,5.46,0.0,41.5,-119.5,41.5000_-119.5000
2026-04-05,18.3,9,5.4,0.0,41.5,-119.5,41.5000_-119.5000
2026-04-06,17.7,8,5.95,0.0,41.5,-119.5,41.5000_-119.5000
2026-04-07,15.6,22,9.49,0.0,41.5,-119.5,41.5000_-119.5000
2026-04-08,14.2,29,9.24,0.0,41.5,-119.5,41.5000_-119.5000
2026-04-09,13.7,33,8.42,0.4,41.5,-119.5,41.5000_-119.5000
2026-04-10,12.9,38,5.21,0.6,41.5,-119.5,41.5000_-119.5000
2026-04-04,19.5,13,4.6,0.0,41.5,-118.5,41.5000_-118.5000
2026-04-05,23.1,8,4.16,0.0,41.5,-118.5,41.5000_-118.5000
2026-04-06,22.8,7,5.4,0.0,41.5,-118.5,41.5000_-118.5000
2026-04-07,21.6,13,8.76,0.0,41.5,-118.5,41.5000_-118.5000
2026-04-08,20.8,22,8.75,0.0,41.5,-118.5,41.5000_-118.5000
2026-04-09,18.3,28,9.9,0.2,41.5,-118.5,41.5000_-118.5000
2026-04-10,17.8,30,5.41,0.0,41.5,-118.5,41.5000_-118.5000
2026-04-04,18.4,15,3.81,0.0,41.5,-117.5,41.5000_-117.5000
2026-04-05,22.2,9,3.89,0.0,41.5,-117.5,41.5000_-117.5000
2026-04-06,22.0,7,4.6,0.0,41.5,-117.5,41.5000_-117.5000
2026-04-07,19.6,18,8.56,0.0,41.5,-117.5,41.5000_-117.5000
2026-04-08,19.1,26,8.95,0.0,41.5,-117.5,41.5000_-117.5000
2026-04-09,16.7,32,4.49,0.4,41.5,-117.5,41.5000_-117.5000
2026-04-10,16.5,32,4.19,0.0,41.5,-117.5,41.5000_-117.5000
2026-04-04,14.4,18,4.09,0.0,41.5,-116.5,41.5000_-116.5000
2026-04-05,19.1,10,5.66,0.0,41.5,-116.5,41.5000_-116.5000
2026-04-06,18.8,9,5.62,0.0,41.5,-116.5,41.5000_-116.5000
2026-04-07,17.7,17,9.71,0.0,41.5,-116.5,41.5000_-116.5000
2026-04-08,16.2,27,10.26,0.5,41.5,-116.5,41.5000_-116.5000
2026-04-09,13.8,35,5.41,0.0,41.5,-116.5,41.5000_-116.5000
2026-04-10,13.7,35,4.88,0.7,41.5,-116.5,41.5000_-116.5000
2026-04-04,13.5,25,2.79,0.0,41.5,-115.5,41.5000_-115.5000
2026-04-05,17.8,9,4.18,0.0,41.5,-115.5,41.5000_-115.5000
2026-04-06,17.5,9,5.77,0.0,41.5,-115.5,41.5000_-115.5000
2026-04-07,16.2,20,9.73,0.0,41.5,-115.5,41.5000_-115.5000
2026-04-08,15.2,27,9.67,0.0,41.5,-115.5,41.5000_-115.5000
2026-04-09,12.2,40,3.83,0.0,41.5,-115.5,41.5000_-115.5000
2026-04-10,11.8,45,4.9,0.8,41.5,-115.5,41.5000_-115.5000
2026-04-04,15.0,18,4.37,0.0,41.5,-114.5,41.5000_-114.5000
2026-04-05,18.4,13,5.02,0.0,41.5,-114.5,41.5000_-114.5000
2026-04-06,19.3,15,6.45,0.0,41.5,-114.5,41.5000_-114.5000
2026-04-07,18.9,15,11.14,0.0,41.5,-114.5,41.5000_-114.5000
2026-04-08,17.6,21,10.89,0.0,41.5,-114.5,41.5000_-114.5000
2026-04-09,16.1,27,6.71,0.2,41.5,-114.5,41.5000_-114.5000
2026-04-10,12.7,44,5.0,0.6,41.5,-114.5,41.5000_-114.5000
